X_mean,Y_mean,Z_mean,theta_ideal,phi_ideal,cos_phi_ideal,sin_phi_ideal,cos_theta_ideal,sin_theta_ideal,X_ideal,Y_ideal,Z_ideal
1.0,0.2,0.4,1.5206123743338416,5.9735141613602165,0.9524338381967461,-0.30474544107798307,0.05016289099241097,0.99874104970572,0.9512347713358661,-0.30436178171525746,0.05016289099241111
1.0,-0.4,0.4,1.3968169639890085,5.962023665865352,0.9488693641976661,-0.3156690192070119,0.17310299855221364,0.984903727220195,0.934544973443338,-0.31090359358492936,0.17310299855221373
-0.8,0.4,-0.4,1.4831701306698488,3.4098600559638177,-0.9642315878197248,-0.26506121000752325,0.08751410173125564,0.9961632807919449,-0.9605321019657238,-0.26404424457177716,0.08751410173125551
-0.6,0.2,-0.2,1.5798894585476941,2.6863194447670367,-0.8981409296741779,0.43970771023943095,-0.00909300644231411,0.9999586577623297,-0.8981037985184019,0.4396895317387688,-0.0090930064423142
-1.0,0.2,0.0,1.373577179007373,3.2091199472369674,-0.997720898550115,-0.06747598533071651,0.19594314582808886,0.9806152576841706,-0.9783803360286033,-0.06616798074257389,0.19594314582808886
-0.4,-0.8,-0.4,1.517909579882598,3.9728947044295633,-0.6739143641106711,-0.7388094678909508,0.052862096250930635,0.9986018219390336,-0.6729721118318014,-0.7377764807017114,0.052862096250930524
-0.6,-0.4,-0.2,1.7309635496602287,3.9778937742933818,-0.6702125985697446,-0.7421691671838642,-0.15948329136099038,0.987200627925583,-0.6616342981516885,-0.7326698678709177,-0.1594832913609905
-0.2,1.0,0.0,1.4768772738675868,1.533032142383445,0.03775520892262419,0.9992870179278869,0.09378104045993792,0.9955928467251317,0.03758881592997752,0.9948830068742928,0.09378104045993801
-0.6,-1.0,-0.2,1.7452582364592089,4.373284191827385,-0.3326429938604482,-0.9430528291859146,-0.17357824057954616,0.9848200822471631,-0.32759350057258924,-0.9287373648022924,-0.17357824057954618
-0.6,-0.8,0.4,1.4854128276462104,3.712314861800216,-0.8415110289386211,-0.5402399357458344,0.0852797911419622,0.9963570430436989,-0.838445440481945,-0.5382718649138375,0.08527979114196216
-0.4,-1.0,0.0,1.5904869926773448,4.489938602079471,-0.22062028346216514,-0.975359774916453,-0.019689393488662693,0.9998061451021636,-0.22057751513965398,-0.975170696646933,-0.019689393488662665
0.8,0.6,0.0,1.6342737794424744,1.0237471982717627,0.5201692666010325,0.8540631909195853,-0.06343483203154016,0.9979859829101461,0.5191216368084812,0.852343093057258,-0.0634348320315401
0.0,-1.0,0.0,1.6648247443164508,5.048419576393065,0.32974230059950604,-0.9440709799561392,-0.09388992250659611,0.9955825844457633,0.328285691831948,-0.9399006261249774,-0.09388992250659617
-0.6,1.0,-0.2,1.4880806354741223,2.0650602424591145,-0.4743837914552999,0.8803181347697516,0.08262140169973331,0.9965810072348215,-0.47276187670439623,0.8773083334359184,0.08262140169973331
1.0,0.4,-0.2,1.521300161007263,0.5246504763000407,0.8654990745863004,0.5009105228384183,0.04947595839759244,0.9987753148434535,0.86443911071665,0.5002970651563403,0.0494759583975925
-0.6,-1.0,-0.4,1.6225557820490015,4.371517940117606,-0.3343081428024524,-0.9424638272400565,-0.05173634739741048,0.9986607784217695,-0.33386043012383315,-0.9412016593459148,-0.051736347397410454
0.4,-0.8,-0.4,1.743887720136502,5.44163990558777,0.666311256597174,-0.745673728471035,-0.17222836598714736,0.9850570490836544,0.6563546001948339,-0.734531162546884,-0.17222836598714736
-0.8,1.0,-0.2,1.618047622978055,2.2504027275234484,-0.6284869232643439,0.7778201509897508,-0.047233715269273065,0.9988838651924763,-0.6277854471332152,0.7769519988452379,-0.047233715269273335
0.8,0.0,1.0,1.4296257191665118,5.8219217522291276,0.8954908295408175,-0.44507996383604875,0.14070217316891145,0.9900519675580397,0.8865824577170676,-0.44065229391654126,0.14070217316891143
-0.2,-1.0,0.0,1.5721632351368393,4.337878643396796,-0.3658168500287654,-0.9306868604611498,-0.001366907916278721,0.9999990657809378,-0.36581650827569084,-0.9306859909957439,-0.0013669079162785813
-0.4,0.8,0.6,1.378824805905987,2.023683080940887,-0.43756308754830164,0.8991877136700641,0.1907945685476416,0.9816299876291062,-0.42952504821699306,0.8826696242461898,0.19079456854764176
-1.0,-0.2,0.8,1.4028898250595534,3.2956022563961724,-0.9881639438027363,-0.15340149988909052,0.16711865983439791,0.985936789827398,-0.9742671865760512,-0.15124418235535786,0.16711865983439783
1.0,-0.4,0.2,1.3961463149840037,6.220103586844592,0.9980110079779401,-0.06303989177382889,0.17376348427911134,0.9847874143850454,0.9828286800744087,-0.062080892023062065,0.17376348427911154
0.6,-1.0,-0.2,1.5277743697639508,5.130845599938899,0.40635072435596636,-0.9137171820729768,0.04300868678278414,0.9990746983390283,0.40597472735578277,-0.9128717180467464,0.043008686782784245
0.2,-1.0,-0.4,1.5076290262812595,5.1601118301291,0.4329139547964945,-0.9014352487796662,0.06312530150322407,0.9980056093580472,0.4320505552562777,-0.8996374347551739,0.06312530150322421
0.2,0.8,0.4,1.653691780520256,0.9584310732101232,0.5748045312741785,0.8182907495668468,-0.08280054816205723,0.9965661389110423,0.5728307323604795,0.8154808528024552,-0.08280054816205723
0.6,0.8,0.8,1.4271391349468165,1.1082721219935863,0.4462085102487737,0.8949290281254542,0.14316358324348946,0.9896990393209869,0.44161213393006027,0.8857103993962269,0.14316358324348966
-0.8,0.2,0.0,1.531101551145027,3.5163239069809102,-0.930606022808413,-0.3660224450941601,0.03968435212542254,0.9992122658356359,-0.929872952650684,-0.3657341167092355,0.03968435212542243
1.0,-1.0,0.0,1.4880554188993018,5.631844045230688,0.79527136922368,-0.6062536179628895,0.08264653203299577,0.9965789234892132,0.7925506850227276,-0.604179577950897,0.08264653203299588
0.0,1.0,0.0,1.6241876147253556,1.6203561160164477,-0.04953950381265396,0.998772164991594,-0.05336592508120141,0.998575023741445,-0.04946891119586033,0.9973489383687756,-0.053365925081201415
-1.0,-0.6,0.0,1.4039157939649471,3.7897164721935837,-0.7972178362289855,-0.6036917438547379,0.1661070315672493,0.9861077294413206,-0.7861426703538879,-0.5953050948150672,0.16610703156724949
-1.0,-0.6,-0.4,1.4796543816868817,3.708528653918657,-0.8435504530753805,-0.5370499354029571,0.09101581369955893,0.9958494472843811,-0.8400492524516071,-0.5348208813351475,0.09101581369955902
-1.0,0.0,-0.2,1.7485029224402702,2.9795757985578533,-0.986903953993165,0.16130897554896617,-0.17677275317343455,0.9842516922695556,-0.9713618868252881,0.1587686321623383,-0.1767727531734345
-1.0,0.8,-0.2,1.6776716423673472,2.525406410890858,-0.8160884595564986,0.5779270076564178,-0.10667197083204044,0.9942942676284563,-0.8114320772147638,0.5746295108204432,-0.1066719708320405
0.2,0.8,0.0,1.767263777249687,1.4556362302217483,0.11490572602320541,0.9933764010318948,-0.19520596466514395,0.9807622705626224,0.11269520075516558,0.9742660945993677,-0.19520596466514395
1.0,-0.2,-0.8,1.7262955587424873,6.004535452461345,0.96142768252227,-0.27505783260953937,-0.1548733269531335,0.987934336177495,0.9498274193153063,-0.27173907726952584,-0.15487332695313355
-0.4,-0.8,-0.6,1.64978491146261,4.273450503938104,-0.4249788100647307,-0.9052032981579141,-0.07890647273725382,0.9968820233910154,-0.4236537360756348,-0.902380895447882,-0.07890647273725404
1.0,-0.4,0.2,1.4118002179911684,5.8887802604742205,0.9232253438930687,-0.38425898088857346,0.15832705772197084,0.9873867240312195,0.9115804478491734,-0.37941221631914357,0.15832705772197075
-0.4,-0.8,-0.4,1.4037487450412336,4.2757032163418005,-0.4229385707694704,-0.9061583555623585,0.16627175748371512,0.986079967681768,-0.4170512521957325,-0.8935446019674945,0.1662717574837151
-0.4,-0.6,-0.2,1.7391354659211713,3.874528195864372,-0.743213570417502,-0.669054249480017,-0.1675451973012388,0.9858643957772737,-0.7327077975331209,-0.6595967634058343,-0.16754519730123862
0.4,-1.0,-0.4,1.618058620522144,4.4137175817310546,-0.2942506848657007,-0.9557282743835018,-0.0472447005357639,0.9988833456772047,-0.29392210856645995,-0.9546610562744938,-0.04724470053576385
0.6,-1.0,0.0,1.589833277256391,5.135233339818982,0.4103559532317884,-0.9119254309685799,-0.01903580063312572,0.9998188027309027,0.4102815978537051,-0.9117601925708683,-0.019035800633125766
-0.8,0.4,-0.2,1.667878935274889,2.673453467306997,-0.8924094811370726,0.4512264597479416,-0.09693017920094861,0.995291183704584,-0.8882072888301107,0.4491017172413576,-0.09693017920094865
-1.0,0.2,-0.2,1.5489184287959628,3.2346928340921024,-0.995669307626177,-0.09296574557980695,0.02187615275902479,0.9997606883351955,-0.9954310323465744,-0.09294349779246248,0.02187615275902466
0.6,-0.6,0.0,1.6049380725535973,5.455509352366912,0.6765889218151016,-0.7363609379082234,-0.03413511320752562,0.9994172272110929,0.6761946242021917,-0.7359318067907965,-0.03413511320752566
0.8,0.6,-0.6,1.7587611452378047,0.5899955977817198,0.8309431283147773,0.5563573649251455,-0.18685994832462768,0.9823865632795054,0.816307364105875,0.5465579996840553,-0.18685994832462777
-0.8,1.0,-0.4,1.7222025513154358,2.5392885310366022,-0.8240324197589352,0.5665426472792972,-0.15082841839584302,0.9885599568079867,-0.8146054532852738,0.5600613749243044,-0.15082841839584316
-0.6,0.4,0.2,1.5228745743092393,2.5058774370999086,-0.8046472402589201,0.5937531631441668,0.04790341258592997,0.9988519725477956,-0.8037234831377625,0.5930715182130443,0.04790341258592995
-0.4,-0.8,0.0,1.4432560666087686,4.279589692490471,-0.4194136226240831,-0.9077952484769587,0.1271947686474227,0.9918777600232443,-0.4160070445316098,-0.9004219176190703,0.12719476864742263
-1.0,0.4,0.0,1.6203400566655257,2.8385400413003854,-0.9544299307917485,0.29843509714652877,-0.04952346417357776,0.9987729604350772,-0.9532588075047208,0.29806890547476855,-0.04952346417357767
-0.2,0.8,0.2,1.4475432566823938,2.031803447843951,-0.4448503149976132,0.8956049336881325,0.12294124426875816,0.9924139511603258,-0.44147565878169703,0.8888108309201215,0.12294124426875819
0.2,-1.0,-0.2,1.6367610165897837,4.997959506230605,0.2817049172834285,-0.9595010888885623,-0.06591686106651604,0.9978251186591454,0.2810922425152019,-0.9574142878738091,-0.06591686106651612
0.0,-0.8,0.0,1.7676595327242217,5.349660784669986,0.5950049473905809,-0.8037220368888314,-0.19559409140599146,0.9806849399307939,0.5835123910902571,-0.7881980974673791,-0.19559409140599127
0.6,0.8,0.4,1.3811210895746915,0.8492748420435698,0.6605277692731311,0.7508016156209717,0.18853996659738442,0.982065517669497,0.6486815456662959,0.7373363773119046,0.18853996659738453
-1.0,-0.4,-0.2,1.696384434597304,3.8655377349843665,-0.7491985592678246,-0.6623454678572323,-0.12525823098054517,0.9921241734639996,-0.7432980013740098,-0.6571289498454826,-0.12525823098054523
0.8,-0.8,-0.4,1.5525472606188808,5.305252016282573,0.5587377524189262,-0.829344394098041,0.018248053283280802,0.999833490412964,0.5586447172265097,-0.8292063003054693,0.01824805328328072
0.0,-0.8,0.0,1.5756850951199664,4.273997187857325,-0.4244838864973666,-0.9054354919617912,-0.00488874885145376,0.9999880499959324,-0.4244788139131964,-0.9054246720039794,-0.004888748851453684
-1.0,0.0,-0.2,1.6283580282113488,3.3319865719971027,-0.981929763934441,-0.18924570985798614,-0.057529919676629966,0.9983437826430335,-0.9803034748160907,-0.1889322778285879,-0.05752991967662996
-1.0,0.2,-0.2,1.6728130982934077,2.8936550026487495,-0.9694205941425549,0.2454051989104873,-0.1018399082984155,0.9948008007022161,-0.9643803832702319,0.24412928837263945,-0.10183990829841538
1.0,0.2,0.0,1.6613810128400985,6.23172571383282,0.9986762472829743,-0.05143688475010347,-0.09046085346666563,0.9959000120444232,0.9945816866975935,-0.05122599414215565,-0.09046085346666577
1.0,0.0,0.2,1.6490435853936192,0.020220946593034632,0.9997955636255258,0.020219568608583326,-0.07816743649120428,0.9969402448855165,0.9967364340362848,0.020157701680120564,-0.07816743649120439
-0.2,-1.0,0.0,1.610086444420392,4.622307670421655,-0.08995952978071976,-0.9959454216982132,-0.03928000962591498,0.999228242617165,-0.08989010284945513,-0.995176793466117,-0.03928000962591505
1.0,0.4,0.6,1.424188315761274,0.5064342469751989,0.8744796751612701,0.48506215862489155,0.1460833786323437,0.9892722812690949,0.8650985031702468,0.47985854822015805,0.14608337863234366
0.4,-0.4,0.0,1.5097336572984337,5.65381965653252,0.8084010693083064,-0.5886320677139387,0.06102472968727289,0.9981362544094845,0.8068944153800149,-0.5875350072933009,0.06102472968727296
0.8,0.6,-0.4,1.588211613731955,0.5134954916203288,0.8710327598527775,0.4912249293992046,-0.017414406630237838,0.9998483577231683,0.8709006744618787,0.4911504389324742,-0.017414406630237744
0.8,0.4,0.0,1.3816632952851204,0.4096925297685741,0.9172433399656401,0.3983273217953762,0.18800745737762714,0.9821676007537612,0.9008866905214195,0.3912241899624361,0.18800745737762709
0.8,-0.4,-0.2,1.444486262490107,5.61710301069119,0.7862484834427093,-0.6179104484341075,0.12597446877290483,0.9920334839194614,0.7799848222560639,-0.6129878549103245,0.1259744687729047
0.6,-1.0,0.0,1.5592634863680224,5.162496883531052,0.4350626926543468,-0.9004001629610855,0.011532584771627313,0.9999334975329536,0.4350337599119656,-0.9003402841289198,0.011532584771627219
-0.8,-1.0,0.0,1.4825067621766608,4.03934617153242,-0.623368128104922,-0.7819284985617071,0.08817490576170812,0.9961050075137229,-0.6209401139297688,-0.7788828929350032,0.08817490576170806
0.8,-0.6,-0.2,1.4876836189796556,5.722537697858625,0.8469109322360496,-0.5317347768004884,0.08301705427580443,0.9965481266348194,0.8439875029463841,-0.5298992956871108,0.08301705427580441
0.8,0.2,-0.4,1.6886276382749728,0.2178397104918373,0.9763666109460376,0.21612089447748642,-0.11755883476989386,0.9930659194472161,0.9695964062166893,0.21462229478603986,-0.11755883476989387
-0.6,-1.0,0.4,1.5658631542434023,4.098045884562198,-0.5764218559491784,-0.8171522771088046,0.004933152542413433,0.9999878319289657,-0.5764148420070895,-0.817142333941851,0.004933152542413555
-0.8,0.4,0.2,1.743497814568023,2.49451907383082,-0.7978514169658765,0.6028541419328087,-0.17184427367654706,0.9851241270035873,-0.7859826806170842,0.5938861602820549,-0.1718442736765471
-0.4,0.4,0.4,1.5532909303771134,2.318828523898419,-0.6801976217402486,0.7330287820944753,0.017504502375733803,0.9998467844607882,-0.680093404894863,0.7329164706943689,0.017504502375733644
-0.4,-1.0,0.4,1.5080632680639598,4.581532143355589,-0.13048370187618935,-0.9914504544074231,0.0626919198302511,0.9980329269057195,-0.1302270308969866,-0.9895001988942461,0.06269191983025113
0.8,0.8,-0.2,1.5070379934274132,0.4505790863576564,0.9001950687814841,0.4354868977839621,0.0637151445468767,0.9979681259215499,0.8983659857556784,0.43460204324485024,0.06371514454687655
-0.6,1.0,-0.6,1.764401592079082,1.8121048094134389,-0.2389734014327939,0.9710261136589688,-0.19239804569792537,0.9813169681665649,-0.23450865376648078,0.9528844018663817,-0.1923980456979254
0.2,0.8,-0.2,1.6190605187247302,1.2648812780272654,0.30116586584604566,0.9535717703713767,-0.04824545608484729,0.9988355099650618,0.30081516119640445,0.952461345547181,-0.04824545608484726
0.4,-0.6,0.0,1.601707938488149,5.438581603618632,0.6640276486476102,-0.747708019103397,-0.030906689111377582,0.9995222741731035,0.663710425490078,-0.7473508196716938,-0.030906689111377672
1.0,0.2,0.4,1.3743416408402842,6.269493339618368,0.9999062664765168,-0.013691539759757647,0.19519344570906438,0.9807647621892941,0.9806728316524259,-0.013428179736483973,0.1951934457090645
0.0,-1.0,-0.6,1.688602544591196,4.44275536486749,-0.2663783080926361,-0.9638685579360418,-0.11753391505073149,0.9930688691187775,-0.2645320051753274,-0.9571878588086917,-0.11753391505073152
-1.0,0.2,0.2,1.5917967137580522,3.2683238246040993,-0.9919803472679268,-0.1263922095471212,-0.020998843411865593,0.999779499977552,-0.9917616155790863,-0.1263643400620788,-0.020998843411865697
1.0,-0.2,0.6,1.5217235483801737,6.057483341459609,0.9746372538959297,-0.22379057915426423,0.04905308511909391,0.99879617282021,0.9734639590792542,-0.22352117397249746,0.04905308511909379
0.8,-0.8,0.6,1.6996682815214659,5.342894066626057,0.5895528063530313,-0.8077298363445944,-0.12851553367057805,0.9917074959913162,0.5846639373430182,-0.8010317334387735,-0.12851553367057822
-0.8,0.6,0.0,1.5679421605738753,2.540227399795142,-0.8245639656909274,0.5657687394015785,0.002854162345890632,0.9999959268703564,-0.8245606071349958,0.5657664349521546,0.002854162345890421
0.6,-1.0,-0.2,1.7302205686648322,4.920980763044292,0.2070824135118621,-0.97832350171817,-0.1587497761042383,0.9873188484916381,0.20445637005140094,-0.9659172331686907,-0.15874977610423824
-0.4,0.8,0.4,1.4747583184920297,2.168906612563696,-0.5630818176918321,0.8264011535476353,0.09589044515864739,0.9953918939429216,-0.5604870769570957,0.8225930093863958,0.09589044515864731
-0.4,1.0,-0.4,1.7123102954767633,1.5203871498815396,0.05038783062413798,0.9987297264650699,-0.1410421101546454,0.9900035975505972,0.049884133590666756,0.9887460221811432,-0.14104211015464557
1.0,0.4,-0.2,1.5703545926092732,0.07604612549871693,0.9971098865981342,0.07597285073140299,0.0004417341712575178,0.9999999024354562,0.997109789315563,0.07597284331914649,0.0004417341712575906
-0.2,0.8,-0.2,1.5964259383283037,2.2530149209241435,-0.6305165933628616,0.7761757697159142,-0.02562680570856091,0.9996715794845703,-0.6303095187782823,0.77592085766956,-0.025626805708560907
0.4,-0.8,0.8,1.5034222064217742,5.372313200013176,0.6130569843082329,-0.7900386914518144,0.0673231603631309,0.9977312223633779,0.6116660943322594,-0.7882462693365824,0.06732316036313091
1.0,-0.4,-0.2,1.662534244430095,6.074869438651573,0.9783806014425336,-0.20681247235344954,-0.09160929641257184,0.99579502750857,0.9742665379273189,-0.20594283159631863,-0.09160929641257193
0.6,0.2,-0.2,1.6743984398036689,0.6441267991738227,0.7996244292007963,0.6005004348252386,-0.10341687866410104,0.9946380996158224,0.7953369226666668,0.5972806113130504,-0.10341687866410115
1.0,0.0,-0.4,1.706395257882101,0.07174130587625507,0.9974276960639246,0.07167978183986981,-0.13518376844346372,0.9908205431607805,0.9882718515776635,0.07102180037622605,-0.13518376844346364
1.0,0.4,0.4,1.6404042944184136,0.3256939314149939,0.9474289198687698,0.31996631353362237,-0.06955176968352125,0.9975783434567385,0.9451345724256943,0.3191914650168304,-0.06955176968352145
1.0,0.2,-0.4,1.4425421995997807,6.0989406081423425,0.983074905238392,-0.18320406843333611,0.12790280498749873,0.9917867071484321,0.9750006231466418,-0.18169935976769444,0.12790280498749862
-0.4,1.0,0.2,1.4959592844803558,1.7033479984818065,-0.13216385825850754,0.9912278822602929,0.0747672066968093,0.9972010152435449,-0.1317939336338877,0.9884534505276731,0.07476720669680947
-0.8,0.6,-0.4,1.474280983657073,2.7294365513723773,-0.9162592492823844,0.4005858061695162,0.09636556944176776,0.995346008695551,-0.9119949867036035,0.39872148331091767,0.09636556944176777
-0.2,-1.0,0.2,1.6679489242620722,4.636471723834272,-0.07584435359848589,-0.9971196688598756,-0.0969998383853873,0.9952843972218236,-0.07548670175394788,-0.9924176485792258,-0.09699983838538745
-0.8,0.6,0.0,1.6765726180250984,2.574039143348821,-0.84321865860736,0.5375707337424579,-0.10557915302643572,0.9944109022160912,-0.8385058270711871,0.5345661983458037,-0.10557915302643578
-1.0,0.2,0.4,1.5921448026948053,3.161274559100773,-0.9998063175501999,-0.019680634814679673,-0.021346854315800492,0.9997721299430286,-0.9995784916276593,-0.019676150187303218,-0.021346854315800468
1.0,0.6,0.6,1.468937252461381,0.36274185459500885,0.9349274222381952,0.3548389989094255,0.10168302976676206,0.9948168481974216,0.9300815514843415,0.35299981451260304,0.10168302976676225
1.0,0.2,0.0,1.6878995722240218,0.4338282240767912,0.9073632181555642,0.4203474638181823,-0.11683578609366167,0.9931512468339735,0.9011489114424852,0.4174686077945262,-0.1168357860936618
0.8,1.0,-0.8,1.6301235297757348,0.4656181023047392,0.893544223714834,0.4489751889201169,-0.059292406610788724,0.998240657616339,0.8919721734903773,0.44818528784103767,-0.05929240661078866
-0.6,-1.0,0.2,1.4269261340723025,4.217006775543034,-0.4753679448677276,-0.8797870861704172,0.14337438675515554,0.989668522901776,-0.4704566918320969,-0.8706975860383344,0.14337438675515551
0.0,1.0,0.2,1.689292907011444,1.7086873592196778,-0.13745447243789619,0.9905080857856838,-0.11821946441588464,0.9929874914787302,-0.1364905717786388,0.9835621393937252,-0.11821946441588471
-0.4,0.8,-0.2,1.7260436023685108,2.043861233853896,-0.4556167279138393,0.8901760484561952,-0.15462440568686162,0.9879733261409362,-0.4501371741224858,0.8794701914442625,-0.1546244056868617
-1.0,-1.0,-0.4,1.7056441779271574,3.8925979174809022,-0.7310032724509282,-0.6823739558819885,-0.13443954493451166,0.9909217974985722,-0.7243670767144124,-0.6761792269287914,-0.13443954493451143
-0.4,-0.8,0.2,1.5709401052811207,4.3409520504299355,-0.3629547472686088,-0.9318067672190304,-0.00014377848572872323,0.9999999896638735,-0.36295474351706275,-0.9318067575877579,-0.00014377848572877383
-1.0,0.0,0.2,1.383493832944092,2.6598931577561227,-0.8862088504249197,0.46328595211655443,0.18620924860710042,0.9825101097358637,-0.8707091548798815,0.4551831316531201,0.18620924860710053
-1.0,0.6,0.4,1.4625426376099655,2.9474875359461397,-0.9812206749612824,0.1928885352438691,0.10804237804584585,0.9941462893086703,-0.9754768930057081,0.1917594215628772,0.10804237804584593
-1.0,-0.6,-0.2,1.6030759606166105,3.176205215932159,-0.9994010450647688,-0.03460565161137789,-0.03227402835314413,0.9994790578565719,-0.9988804149422084,-0.034587624069052726,-0.032274028353144135
-0.4,1.0,0.0,1.533518247175586,2.0623494269280664,-0.4719956712975068,0.8816008656282138,0.0372694462728782,0.9993052528504556,-0.47166775365027563,0.8809883759397829,0.03726944627287826
0.4,-0.8,0.6,1.5935102911661718,5.310050916910987,0.562711244778529,-0.8266535277852496,-0.022712011307760002,0.9997420490018194,0.562566092851251,-0.826440291682608,-0.02271201130776007
1.0,0.2,0.4,1.609560603013559,6.2804062747413285,0.9999961384918388,-0.002779028861171566,-0.038754568634642945,0.9992487595238448,0.9992449009166051,-0.002776941142206652,-0.038754568634642994
0.8,0.6,-0.2,1.6711041864793188,0.7884536563008003,0.7049429240116362,0.709264036791606,-0.10013973357932562,0.9949733834423219,0.7013994462375812,0.7056988384405036,-0.10013973357932565
-0.8,-0.4,-0.6,1.6532947918170013,3.9124737746301688,-0.7172970116009362,-0.6967675345108771,-0.08240491614857082,0.9965989312629966,-0.7148574351596345,-0.6943977802322935,-0.08240491614857087
0.0,1.0,0.2,1.3735475116827562,1.3348456106249045,0.23376746525412181,0.9722925342656206,0.19597223797302873,0.9806094441437134,0.2292345841617292,0.9534392415712926,0.19597223797302865
-0.8,0.0,0.0,1.6991887337145528,3.5600858377254903,-0.9137023234180013,-0.40638413377068033,-0.12803994775689603,0.9917690113017301,-0.9061816499203649,-0.4030391905584577,-0.12803994775689614
1.0,0.6,0.0,1.390936137582638,0.3315338929129974,0.945544183481549,0.3254937742633655,0.17889201971481872,0.9838687134381054,0.9302913393008758,0.3202431409166107,0.17889201971481888
1.0,-0.2,0.6,1.583425187869589,0.2052029308674295,0.9790196543001247,0.20376583740672607,-0.012628525385125622,0.9999202569938251,0.9789415843297867,0.20374958850629557,-0.01262852538512571
0.4,-1.0,0.0,1.4335214089216188,5.198092711827149,0.46683081753329975,-0.8843466445920349,0.1368441799428095,0.9905925854839516,0.46243914652389845,-0.8760272291304814,0.13684417994280962
-0.8,-0.2,-0.2,1.7084812569093537,3.0411909495637395,-0.9949639815137207,0.10023310576034533,-0.1372503235150596,0.9905363944323355,-0.9855480348386421,0.09928453918260745,-0.13725032351505984
0.8,0.6,0.4,1.5376736942207272,1.0067271418896035,0.5346294283600187,0.8450866075920501,0.033116576384510564,0.9994514957558315,0.5343361818495058,0.844623074001096,0.03311657638451038
-0.8,0.0,0.4,1.6061372151881579,2.498724869660087,-0.8003798344525963,0.599493219812897,-0.0353335321850015,0.9993755757988743,-0.7998800579138711,0.5991188817380351,-0.03533353218500146
0.6,-1.0,-0.2,1.5995946781083337,5.060680577385104,0.3412924806781005,-0.9399571493597931,-0.028794370850203657,0.9995853561389046,0.3411509658461493,-0.9395674018981184,-0.028794370850203532
1.0,-0.2,0.0,1.4032881807175657,6.236575353582648,0.9989139527529023,-0.04659307883766164,0.16672589308631675,0.9860032842615536,0.9849324381090524,-0.045940928757791884,0.16672589308631713
0.8,1.0,-0.2,1.7170212800637779,0.6461790639961202,0.7983903602228654,0.602140210169694,-0.14570441949518315,0.9893281670606431,0.7898700716781741,0.5957142704406939,-0.14570441949518304
0.8,0.6,-0.4,1.376269292699169,0.5126998786190614,0.8714233090700474,0.49053176901135426,0.19330251120908698,0.9811392047820028,0.8549875724894878,0.4812799497681091,0.19330251120908692
1.0,0.0,0.2,1.489125965793511,0.006987493913684411,0.9999755875637316,0.006987437053008589,0.08157960040602963,0.996666829385624,0.9966424983201708,0.006964146733153698,0.08157960040602974
0.8,0.4,-0.4,1.5765808578908542,0.5344250315878026,0.8605616295539882,0.509346327894277,-0.005784498836838562,0.999983269646651,0.8605472320538472,0.5093378063502344,-0.005784498836838625
0.0,-1.0,-0.2,1.570779923580812,4.588290978232003,-0.12377972262894923,-0.9923097199291663,1.6403214083907206e-05,0.9999999998654673,-0.12377972261229682,-0.9923097197956681,1.640321408397094e-05
0.0,-1.0,0.2,1.60404841443473,4.588118367995787,-0.1239510035992898,-0.9922883394995271,-0.033245960165666236,0.9994472002725622,-0.12388248351828447,-0.9917398027759121,-0.03324596016566639
-1.0,0.2,0.0,1.7698960823989767,2.8383628381596133,-0.9543770321704896,0.29860422044145357,-0.19778695096512827,0.9802450316262348,-0.9355233440833136,0.29270530351035984,-0.19778695096512838
0.8,-1.0,0.2,1.5089886682842748,5.045472455496812,0.32695858132364136,-0.9450386691023981,0.06176831322803246,0.9980905146733755,0.3263342587101899,-0.9432341316306543,0.061768313228032445
0.8,-0.4,-0.8,1.6030544171587502,5.880667166637442,0.9200774646866308,-0.3917364662318555,-0.032252496110691066,0.9994797529188022,0.9195987970711518,-0.3915326664786997,-0.03225249611069103
1.0,0.2,0.4,1.536452754081163,6.018951352161421,0.9652928519721212,-0.2611698871070868,0.03433682184669977,0.9994103174699909,0.9647236356409707,-0.2610158797872953,0.03433682184669962
-1.0,0.2,0.0,1.7220097319326793,3.5052236821696416,-0.9346115390821492,-0.3556701716682131,-0.1506378020724861,0.9885890210733531,-0.9239467065050819,-0.35161162683447034,-0.15063780207248595
1.0,0.2,0.0,1.5369735270317324,0.15082814506759273,0.9886469824362963,0.15025692702702806,0.033816351354217254,0.9994280636349412,0.9880815392748356,0.15017098962635936,0.03381635135421712
-0.2,-1.0,0.0,1.5044734124641406,4.592193818034035,-0.1199059638749931,-0.9927852536310201,0.06627430226949671,0.9978014415998262,-0.11964234361088479,-0.9906025572720809,0.06627430226949677
-1.0,0.2,0.4,1.4353794604205927,2.9640288159071417,-0.9842769179581338,0.17663224160621785,0.13500337274622795,0.9908451389329934,-0.9752659995227659,0.17501519797435905,0.13500337274622815
-0.8,-1.0,0.6,1.407365123521752,3.9312753980885575,-0.704070643710565,-0.7101299378740419,0.16270463961549678,0.9866748199116016,-0.6946887755881672,-0.7006673285657071,0.16270463961549675
0.4,-1.0,0.2,1.5309214612640942,5.101105301778858,0.3790008162337171,-0.9253963374112608,0.03986429949890205,0.9992051028820168,0.3786995495771796,-0.9246607425296604,0.039864299498902134
-0.4,1.0,0.0,1.5350693799990096,1.3175228702078492,0.2505743208096492,0.9680973658422912,0.035719346880759784,0.9993618605182069,0.2504144194424171,0.9674795846909275,0.03571934688075995
-0.6,0.6,-0.2,1.753313079400241,2.366727876067105,-0.7145156448651298,0.6996194631676336,-0.1815050949986867,0.9833900042656106,-0.7026475430517655,0.6879987868687234,-0.1815050949986869
-0.2,1.0,-0.6,1.7490962076852685,1.966131506503975,-0.385117536906654,0.9228675326215307,-0.17735666403467765,0.9841466423874495,-0.3790121308712082,0.9082369835978695,-0.1773566640346777
0.4,0.8,-0.2,1.6609449668888394,0.7074267650247297,0.7600366848373944,0.6498801718019893,-0.09002658671238059,0.9959393624538184,0.7569504513384683,0.6472412439758513,-0.09002658671238062
-1.0,0.6,0.0,1.5368545883919948,2.652712040724404,-0.8828591182709011,0.46963792147347616,0.03393522172915145,0.9994240344949652,-0.882350621872972,0.4693674262308513,0.03393522172915142
0.0,1.0,-0.2,1.5757534550877392,2.191775515619494,-0.5818318225479391,0.8133091234398785,-0.004957107990848736,0.999987713464704,-0.581824673850715,0.8132991306886269,-0.0049571079908488636
-0.6,1.0,0.4,1.653345125518895,2.171340576404699,-0.5650915783335259,0.8250281862436729,-0.0824550785576776,0.9965947822560819,-0.5631673184640459,0.8222187856246435,-0.08245507855767759
0.8,0.0,0.4,1.4203347374772235,0.44318848175660874,0.9033889662703918,0.4288220792134111,0.14989452270459627,0.9887019935567851,0.8931824719087397,0.4239772445994652,0.14989452270459636
0.6,0.6,-0.2,1.6290100693591054,0.9787522621287822,0.5580583559182851,0.8298017060658411,-0.058180868626750835,0.9983060585440904,0.5571130377343784,0.8283960705557516,-0.058180868626750815
-0.6,-0.8,0.4,1.496277576697759,3.9938773474700975,-0.6582649791363385,-0.7527863025073156,0.0744498015924996,0.9972247625499667,-0.656438137514194,-0.7506971417687252,0.0744498015924997
0.2,1.0,0.0,1.4296616272328748,1.872246187941477,-0.2969050008274958,0.9549070219050778,0.14066662222645526,0.990057019262729,-0.29395288012346865,0.9454123997803909,0.14066662222645532
0.8,-1.0,0.2,1.6683584017157573,5.775554394958243,0.8738985921416158,-0.4861082705045265,-0.09740737676259732,0.995244594535549,0.8697428500011695,-0.4837966285786544,-0.09740737676259742
0.0,1.0,-0.8,1.589074714320107,1.282174367834587,0.28463145462510336,0.9586370194385347,-0.018277369742341072,0.9998329549256224,0.28458390834259545,0.9584768838463218,-0.01827736974234112
-0.6,-0.8,0.0,1.5074527718711372,4.074422976142291,-0.5955627477788219,-0.8033087908507782,0.06330120341177621,0.9979944677434945,-0.5943683274773784,-0.8016977291587927,0.06330120341177625
-1.0,-0.8,-0.2,1.7428624079399166,3.3149330019083276,-0.9850141414489978,-0.17247359550230779,-0.17121828462852365,0.9852331191189555,-0.9704685549560765,-0.16992669846239983,-0.17121828462852362
-0.2,1.0,0.6,1.545883056768313,1.7388974955777026,-0.16731058607054383,0.9859042386503525,0.024910692949093382,0.9996896805393142,-0.16725866633970743,0.9855982933787268,0.02491069294909337
1.0,0.8,-0.2,1.601519494650199,0.7490213029182624,0.7323556362092316,0.680922331923819,-0.030718334750265686,0.9995280806011257,0.7320100233776295,0.6806009914662574,-0.030718334750265697
1.0,-0.2,-0.2,1.4980121714727046,5.809695716423666,0.8899824751912195,-0.4559947300709849,0.07271990959440487,0.9973524024879981,0.887626159804178,-0.4547874395581629,0.07271990959440477
0.4,-1.0,-0.4,1.7343269258816414,4.77773453035908,0.06529905520704174,-0.997865739159867,-0.16280271015809658,0.9866586428776565,0.06442787719177297,-0.9845528559735838,-0.16280271015809655
1.0,-0.4,0.0,1.6713656538074175,5.914578425901478,0.9328302139505967,-0.36031623879709324,-0.10039988318542478,0.9949471661632858,0.9281167778816379,-0.3584956207137817,-0.10039988318542464
0.6,-1.0,-0.2,1.548625727222668,4.664447881214351,-0.047922737051119955,-0.9988510455886449,0.02216878334412919,0.9997542423241029,-0.047910959670639644,-0.9986055702771135,0.022168783344129417
-1.0,0.4,0.6,1.5535515554898034,2.985193897857825,-0.9877946242650538,0.15576193460875168,0.017243916603310466,0.9998513126161199,-0.9876477516665614,0.15573877477418666,0.01724391660331054
-1.0,0.4,-0.6,1.7660459571767506,3.04879287026094,-0.9956971893491243,0.09266664514405473,-0.19401142822693254,0.9809992689688132,-0.976778214865793,0.09090591114411012,-0.19401142822693257
0.8,0.4,-0.2,1.7415593516532422,6.0447918251955475,0.9717185947766772,-0.23614184839888028,-0.16993432542161627,0.9854553896770265,0.9575853264720631,-0.2327072572329719,-0.16993432542161618
-0.8,-0.6,-0.2,1.7550948479034387,3.377464332540228,-0.9723110075591795,-0.23369061722553822,-0.18325697929559753,0.9830650433920702,-0.9558449628367526,-0.22973307676314347,-0.18325697929559742
-0.6,1.0,0.0,1.6013918880508429,2.149285645875579,-0.5467596837693889,0.8372895844356347,-0.030590788121185285,0.9995319923254706,-0.5465037960412616,0.8368977264843154,-0.030590788121185264
-1.0,-0.2,-0.2,1.4991951450512557,3.3055461742572314,-0.9865897018619927,-0.16321997481884498,0.07154001744586276,0.9974377303390151,-0.9840617930010717,-0.16280176122929996,0.07154001744586275
0.6,1.0,0.2,1.5549279470520025,1.367145347197983,0.2022462018299626,0.9793347098134294,0.015867713793793745,0.9998740999040621,0.20222073901374915,0.9792114114795086,0.015867713793793814
-0.2,-1.0,0.6,1.3951585440889698,4.408064568863951,-0.2996486987162766,-0.9540496094845603,0.17473614369689694,0.9846152954763283,-0.29503869202562394,-0.939371838141716,0.17473614369689694
0.2,1.0,0.2,1.4948904402927785,1.142054366833236,0.41572695754095806,0.9094894704028951,0.07583301629478792,0.9971205311493864,0.4145298847163585,0.9068706238029088,0.07583301629478778
0.8,-0.6,0.0,1.4290025199098402,5.511155009442919,0.7164958291300768,-0.6975913752614805,0.14131914545645669,0.9899640898171291,0.7093051413425259,-0.6905904108750109,0.14131914545645674
1.0,-0.4,-0.2,1.7053477577590563,6.1225827593418725,0.9871311073272451,-0.1599130293218378,-0.13414580982676394,0.9909616045568677,0.9782090260250044,-0.1584676721263178,-0.134145809826764
-0.4,1.0,-0.2,1.478053618639665,1.9834035627897553,-0.40099912088779216,0.9160784382612757,0.09260981540319467,0.9957024766922026,-0.39927581781937066,0.9121415698210773,0.09260981540319468
0.6,1.0,-0.2,1.4454323655441637,1.18269779192696,0.37842904655664605,0.9256303024006008,0.12503584662350073,0.9921522247413168,0.37545922044791175,0.9183661638147341,0.12503584662350076
-0.2,-1.0,-0.2,1.6181103352003845,4.910071114181459,0.19639713595583103,-0.9805244336518835,-0.04729635740338645,0.9988809010970082,0.19617734813643214,-0.979427129833827,-0.04729635740338628
-1.0,0.4,0.6,1.5499849893477726,2.5476536791967623,-0.8287427467149232,0.5596297523965329,0.02080983520713599,0.9997834519327932,-0.8285632840749104,0.5595085656553,0.020809835207135974
1.0,-0.8,0.2,1.4375357580771277,5.80397553435345,0.887359556248182,-0.46107810394230353,0.1328665034938122,0.9911339426380921,0.8794921755218488,-0.45699015902443146,0.13286650349381235
1.0,-0.2,0.0,1.6756481749750263,5.882170832896852,0.9206654652185133,-0.3903525344531254,-0.10465983179619849,0.9945080792071985,0.9156092434068656,-0.3882087492526395,-0.10465983179619875
0.6,-0.6,-0.4,1.7569757806351451,5.754231256656332,0.8633353607921881,-0.5046306122361408,-0.18510573324973267,0.9827186105483496,0.8484157261949572,-0.4959098940968633,-0.18510573324973262
-0.8,0.8,0.0,1.4403818091562322,2.2695874344741354,-0.6432926048796402,0.7656204180317862,0.13004515136551173,0.991508072890141,-0.6378298109686911,0.7591188252480405,0.1300451513655118
1.0,-0.2,0.4,1.4283467889508086,0.05415479044721662,0.9985339876745978,0.05412832399646503,0.14196826512953833,0.9898712096510884,0.9884200462571796,0.0535800695507669,0.14196826512953842
-1.0,0.8,-0.2,1.6911235667387967,2.8345338261806985,-0.9532266796162605,0.3022563436352644,-0.12003708751567173,0.9927694080806252,-0.9463342864892946,0.3000708513593955,-0.1200370875156716
1.0,0.2,0.2,1.4145892732224943,6.068530766587085,0.977050038784312,-0.21300990989053648,0.15557256938512892,0.9878244660135267,0.9651539328306086,-0.21041640049320864,0.15557256938512887
-0.8,-0.8,0.0,1.6868296267834717,3.8722689750094736,-0.7447232137356142,-0.6673734598583454,-0.11577310177226069,0.9932756862553466,-0.7397154611935294,-0.6628858313294032,-0.11577310177226058
1.0,0.0,0.0,1.4280211078842575,0.08805581060693202,0.9961255915373975,0.08794205981366267,0.14229063990599056,0.989824920778995,0.9859899347294342,0.0870472423882003,0.1422906399059906
-1.0,-0.2,0.2,1.4237845893316672,3.436371520533532,-0.9568664111183944,-0.2905282624348341,0.14648276208208738,0.9892132229265855,-0.9465449064526223,-0.28739439883442314,0.14648276208208733
1.0,-0.4,0.2,1.6966463492052635,5.882085867797774,0.9206322955536147,-0.3904307574765107,-0.12551807849520308,0.9920913324744209,0.9133513208147704,-0.387342970423869,-0.1255180784952032
1.0,0.0,0.4,1.5497174292959368,6.066527997671305,0.9766214699293179,-0.21496628682911742,0.02107733657129684,0.9997778482658336,0.9764045117761492,-0.2149185316957111,0.021077336571297067
-0.8,-0.2,0.0,1.7401107352004708,3.4232343971801895,-0.9606004382232344,-0.27793308202754485,-0.16850660072726145,0.9857005252668496,-0.946864356528208,-0.2739587849435854,-0.16850660072726137
0.8,1.0,0.0,1.6840603384060577,1.05631716069701,0.4920815042976077,0.8705491330925575,-0.11302199454528537,0.9935924862583279,0.48892848529679805,0.8649710775594662,-0.1130219945452855
0.4,1.0,0.2,1.5954341298797743,1.0732541697280724,0.4772671325757133,0.8787582626427797,-0.024635310548485983,0.9996965046823859,0.4771222842357254,0.8784915636247529,-0.024635310548486056
1.0,0.2,-0.6,1.5317004922683135,0.32185174653819315,0.9486512934285202,0.3163237636921951,0.0390858757263099,0.9992358552007166,0.9479263864763136,0.31608204653328015,0.03908587572630989
1.0,0.6,-0.2,1.738713355506671,0.5959550574460676,0.8276128031699272,0.5612994281390417,-0.16712903875848698,0.9859350305185753,0.8159724543509059,0.5534047688123249,-0.16712903875848695
-1.0,-0.4,0.0,1.3970467620660236,3.4520563507960706,-0.9521920126702663,-0.3055001980473129,0.1728766650011068,0.9849434799510555,-0.9378553145410516,-0.300900428190457,0.17287666500110682
-1.0,0.8,0.2,1.5237416592195476,2.784251225342431,-0.9368300614412624,0.34978484241024604,0.04703730521366863,0.9988931333822634,-0.9357931155197607,0.3493976772447918,0.04703730521366861
0.6,0.8,0.4,1.4380909584382933,1.193395190693842,0.3685057465190856,0.9296254701665674,0.13231620512128708,0.991207557407782,0.36526568089791406,0.9214517915878642,0.132316205121287
0.0,-0.8,0.2,1.572284100630879,5.216318564899406,0.48287036302243447,-0.8756918479205926,-0.0014877732871250492,0.9999988932647106,0.4828698286127636,-0.8756908787615222,-0.001487773287125016
0.4,-1.0,0.0,1.6444799568702912,5.544541527925175,0.7393823625581752,-0.6732857654353692,-0.0736169733623274,0.9972865893177199,0.7373761145573203,-0.6714588646472097,-0.07361697336232736
-1.0,-0.4,0.2,1.7234504664650607,3.237048225644767,-0.9954475751764728,-0.09531067660698195,-0.15206193958012088,0.9883709660502638,-0.9838714815295628,-0.09420230551294702,-0.15206193958012088
0.8,1.0,0.2,1.6953827024555692,0.3478359883955663,0.940112547587605,0.3408641927048705,-0.12426432562734581,0.9922491508569715,0.9328258770537853,0.3382222057689549,-0.12426432562734574
1.0,-0.4,0.2,1.5195310406214644,0.1623510506053958,0.986849990136568,0.16163878546764537,0.051242833821632375,0.998686222985943,0.9855534893032043,0.1614264281467179,0.05124283382163253
0.4,-1.0,0.0,1.5169430634151577,5.288025891045497,0.5443691708666863,-0.8388457580568173,0.053827236515312085,0.9985502634365105,0.5435799789756445,-0.8376296526902344,0.05382723651531218
-0.4,1.0,0.4,1.4668569652037022,2.0327650995435076,-0.44571136917849585,0.895176728576559,0.10375231306571853,0.9946031658573751,-0.44330593884355723,0.8903456082440938,0.10375231306571847
0.6,-0.8,0.4,1.5244039563808798,5.368350468589303,0.6099214678689693,-0.7924618621943657,0.04637573085915654,0.9989240669777053,0.6092652332206826,-0.7916092263079215,0.04637573085915658
0.8,1.0,0.0,1.6981405833529832,1.0786859126586517,0.4724869264789444,0.8813376789327009,-0.12700035456588182,0.9919026716065141,0.4686610446736157,0.8742011983208303,-0.12700035456588166
-0.8,1.0,0.2,1.4712731286366836,2.0141855464168947,-0.4290034149450577,0.9033028672408157,0.09935898549814959,0.9950516529310318,-0.4268805571541369,0.8988330111453139,0.0993589854981497
1.0,0.2,0.4,1.5881900982281023,0.45701541129764917,0.8973735071511783,0.44127178548281804,-0.01739289438501601,0.9998487321714778,0.8972377634093782,0.44120503525803995,-0.017392894385015956
0.8,0.4,-0.4,1.6797033495298987,0.474550677211941,0.8894981244323441,0.45693882154107035,-0.10869186406546431,0.9940754894302417,0.8842282833923646,0.4542316826631174,-0.10869186406546427
0.8,0.0,0.6,1.4925193635232423,0.5432285384327156,0.8560443062964326,0.5169024527485429,0.07819705024062053,0.9969379225075481,0.8534230322935806,0.5153196573821883,0.07819705024062046
0.8,-0.4,0.2,1.6624924264339238,5.496197959644268,0.7059821658779994,-0.7082296106928945,-0.09156765417983569,0.9957988575550798,0.7030162342355726,-0.7052542372146632,-0.0915676541798357
0.6,-0.6,0.4,1.465022700632697,5.859095136988356,0.9114134975658041,-0.4114917210040416,0.1055765028533843,0.9944111835881821,0.9063197748526562,-0.40919196932036717,0.10557650285338421
1.0,0.4,0.2,1.6104007444803234,0.45072645783929755,0.9001308806569773,0.435619556135505,-0.039594065177155545,0.9992158475538442,0.8994250408250498,0.43527796399496804,-0.03959406517715558
0.4,1.0,0.0,1.6776896844585858,1.2936281259434146,0.27363302817039714,0.9618341675643981,-0.10668990996257223,0.9942923428811962,0.2720712246692206,0.9563443479307906,-0.1066899099625721
0.4,1.0,0.0,1.4510221906301246,1.3531422817968086,0.2159396131646016,0.9764067203098933,0.11948796467115701,0.9928356491880942,0.21439254602170316,0.9694114000304908,0.11948796467115713
0.4,-1.0,0.2,1.5973254788615094,4.795923376106255,0.08343727917534688,-0.9965130307446136,-0.0265260403246658,0.9996481226835242,0.08340791948945661,-0.996162380413522,-0.026526040324665823
0.2,-0.8,0.2,1.6702651968952928,5.202005909846434,0.4702878579258205,-0.88251307677991,-0.09930492612781412,0.9950570494432716,0.4679632482966636,-0.8781508582757208,-0.09930492612781416
0.4,0.8,0.0,1.4672940612101077,1.3083590403345646,0.2594351551934891,0.9657605294532026,0.103317566096716,0.99464842056671,0.2580467673526832,0.9605921852662975,0.10331756609671583
-0.8,0.2,0.2,1.6843850669971323,2.480647318948153,-0.7894122779929001,0.6138633849270212,-0.11334463646877109,0.9935557323994272,-0.7843250940263361,0.6099074850043581,-0.11334463646877108
1.0,0.8,0.0,1.6200652966077715,0.4676475451694958,0.892631214754572,0.45078766004159565,-0.04924903939139851,0.9987865298045546,0.8915480333799432,0.45024064265166064,-0.04924903939139863
1.0,0.4,0.4,1.4754648734498992,0.4209174600198704,0.912714452162956,0.4085980039266896,0.09518712220426706,0.9954593973470088,0.9085701785000417,0.4067427227460533,0.09518712220426706
-0.6,-0.8,-0.4,1.7175384120057229,3.9349030730439045,-0.7014898959814351,-0.7126793990539894,-0.14621601318609886,0.989252686368838,-0.6939507640602315,-0.705020010033888,-0.14621601318609878
0.2,1.0,0.0,1.4757627594733824,1.5190512011938446,0.051722036929626895,0.9986615196831459,0.09489058454397171,0.9954877080933262,0.05148865200099265,0.994155267390373,0.09489058454397181
0.8,0.4,0.2,1.5184034197593657,0.8514776288318435,0.658872312202348,0.7522547947425339,0.05236894042434253,0.9986278055806536,0.6579682112924821,0.7512225549112616,0.05236894042434265
-1.0,-0.2,0.6,1.3892239946650837,3.4172857631389113,-0.9622367546933386,-0.2722139377718043,0.1805762805363694,0.983560982810751,-0.9464185281428076,-0.26773900816962043,0.18057628053636937
0.8,0.8,-0.2,1.6931527944736382,0.49793996083533804,0.8785683344530639,0.4776166681517399,-0.12205139420808779,0.9925237816656395,0.8719999657630373,0.4740459016605077,-0.1220513942080877
-1.0,0.2,0.4,1.4342044204058604,3.0628507415098776,-0.9969014571258198,0.07866056687068325,0.13616756196410007,0.9906858205651038,-0.9876161380752404,0.07792790823639906,0.1361675619641003
-0.8,-0.8,0.2,1.4464518053255926,3.603355024668289,-0.8952687050788912,-0.4455265937139614,0.12402434237934416,0.9922791756846312,-0.8883564926919296,-0.4420867611560714,0.12402434237934418
-1.0,1.0,0.0,1.6525937813595704,2.8516020614255293,-0.9582465656618534,0.2859432100912053,-0.08170626968557787,0.9966564530940778,-0.9550426233221241,0.28498714555583543,-0.08170626968557793
-1.0,-0.2,0.2,1.6948999790018113,3.371420199740843,-0.9737056961280078,-0.22780960762854519,-0.12378532923070164,0.9923090205511823,-0.9662169456298908,-0.22605752861803086,-0.12378532923070162
-0.6,1.0,-0.2,1.5584673252320052,2.310380695591905,-0.6739809228201652,0.7387487500324305,0.012328689221765339,0.9999239988229471,-0.6739296994767197,0.7386926042578816,0.012328689221765332
-1.0,0.6,0.2,1.6139014342922664,2.54284200331431,-0.8260404065220782,0.563610900172131,-0.04309176016116661,0.9990711186928649,-0.8252731130295218,0.5630873725424638,-0.04309176016116678
0.6,-1.0,0.0,1.6105073339243332,5.073533501159778,0.35334515567239144,-0.9354930256088783,-0.039700570813670163,0.9992116215682586,0.353066585972699,-0.9347555030844437,-0.03970057081367023
-1.0,0.2,-0.2,1.5185493858279306,3.178093075628055,-0.9993339335494031,-0.03649231777617141,0.052223174092231095,0.9986354390305466,-0.9979702814682313,-0.03644252178364915,0.05222317409223104
-1.0,0.2,0.0,1.6355842625751502,2.9207687287781297,-0.9757173133048572,0.2190336150392241,-0.06474262098404433,0.9979019957030432,-0.9736702541889285,0.21857408157369387,-0.06474262098404437
-0.4,-0.8,0.6,1.5846181446973122,4.241966179175489,-0.4532632010390005,-0.8913767276431883,-0.013821377813832457,0.9999044801956471,-0.4532199054267169,-0.8912915835125592,-0.013821377813832525
-0.4,-1.0,0.8,1.4990107935174948,4.677324117941481,-0.03505767724969864,-0.9993852906991657,0.07172389540457906,0.9974245248779443,-0.03496738707410498,-0.9968113987456216,0.07172389540457896
-0.6,-0.8,-0.2,1.4986320972988958,3.718438750102903,-0.8381869014665042,-0.5453830930730992,0.07210161114846854,0.997397291789884,-0.8360053455364457,-0.5439636200190994,0.07210161114846847
-1.0,-0.4,0.0,1.745816461757832,3.3293067448885854,-0.9824333832617838,-0.18661363147638813,-0.17412796499066377,0.9847230330444242,-0.967424780929639,-0.18376274119486338,-0.1741279649906638
-0.8,0.4,0.0,1.4656244832645677,2.810298941823432,-0.9456223336759273,0.3252666629909883,0.10497806439342164,0.9944745376309092,-0.9403973330558293,0.3234694142847118,0.10497806439342161
-1.0,-0.6,0.6,1.556152730316755,3.7663331743426482,-0.8111149128025411,-0.5848868251459646,0.014643073134018213,0.9998927844570096,-0.8110279486767373,-0.5848241161874186,0.014643073134018136
0.2,-0.6,0.4,1.507215475927146,5.047311493518672,0.3286959894918475,-0.9444357820900134,0.06353802166664951,0.9979794185265989,0.32803183246509904,-0.9425274726459053,0.06353802166664962
1.0,0.4,0.2,1.4735772465982846,0.13137834068503867,0.9913822718625034,0.13100072914583855,0.09706600739426399,0.9952779462082623,0.9867009114465934,0.13038213665605503,0.09706600739426402
-0.8,0.8,0.4,1.5981239872260669,2.761508828499169,-0.9286335398718849,0.37099831350696494,-0.02732425917070745,0.9996266227250913,-0.9282868092113791,0.3708597911676721,-0.02732425917070741
0.8,-0.6,-0.4,1.746868260686593,5.605068455703201,0.7787554499733262,-0.6273276250388167,-0.1751635991137585,0.9845393407810145,0.7667153773463611,-0.6176287264094362,-0.17516359911375856
1.0,0.2,-0.2,1.3884545516298787,6.233499052907145,0.9987658919888541,-0.04966581318883851,0.1813330211551955,0.9834217485081004,0.9822080998499315,-0.04884244084724425,0.1813330211551955
-1.0,-0.6,0.6,1.574699153555245,3.6773025338705287,-0.8599064864473714,-0.5104515986513672,-0.0039028168523428637,0.9999923839813066,-0.8598999373834961,-0.5104477110424499,-0.0039028168523428386
0.4,-1.0,0.6,1.538930482473096,5.624079351085046,0.7905400690830786,-0.6124103192910137,0.03186045166241419,0.9994923269439676,0.7901387331902913,-0.6120994150726735,0.031860451662414246
-0.4,-1.0,0.0,1.6589034963738547,4.318326475202807,-0.38394271533548774,-0.9233569143840386,-0.08799321968404607,0.9961210736098475,-0.3824534298046662,-0.9197752808813047,-0.08799321968404622
0.6,0.6,0.2,1.4690489564144225,0.6866230055139567,0.7733911957899787,0.6339290640714833,0.10157190415810846,0.9948282003872307,0.7693913715030728,0.6306505099833952,0.10157190415810852
1.0,0.2,-0.8,1.7570575967014614,0.09334377066080776,0.995646632546101,0.09320827806374987,-0.18518613480111712,0.9827034626363247,0.9784253933652499,0.09159609759961639,-0.18518613480111734
0.4,0.8,0.4,1.4040118299189712,1.2004142943795995,0.3619715848353247,0.9321891287565004,0.16601232900483281,0.9861236771411541,0.3569487502584216,0.919253771440369,0.16601232900483293
0.0,1.0,-0.2,1.7177381824410396,1.4678088377145286,0.10280553079295161,0.9947014742315302,-0.14641363370696764,0.9892234569927676,0.10169764256898,0.9839820310151166,-0.1464136337069677
1.0,1.0,0.2,1.7559102499871893,0.7958023193414948,0.6997117941327027,0.7144252271242907,-0.18405851156961647,0.9829152884754502,0.6877574199796204,0.7022194782130113,-0.18405851156961645
0.6,1.0,0.2,1.504799754777975,1.3023945001196198,0.2651908237697572,0.964195948440107,0.06594867391499394,0.9978230165760127,0.2646135077422169,0.9620969098428772,0.06594867391499398
-1.0,-0.4,-0.4,1.5107545122538562,3.4640293286051818,-0.948466104375274,-0.31687860270329365,0.06000574572445396,0.9981980316951402,-0.9467569985169559,-0.3163075975047341,0.06000574572445405
1.0,-0.2,0.2,1.4715222075985492,6.163990071917742,0.9929046545122256,-0.11891319122770927,0.09911113598586549,0.9950763702970699,0.9880159596630917,-0.11832770670731031,0.09911113598586552
-1.0,0.4,0.2,1.4006005115223525,3.206892047669598,-0.9978687520332646,-0.0652529977516356,0.16937533837197843,0.9855516195265359,-0.9834511646413076,-0.0643101976130859,0.1693753383719786
-0.4,-1.0,0.0,1.4231688276456076,4.374488297980649,-0.3315072172755784,-0.9434526829121863,0.14709185387523566,0.9891228369234765,-0.32790135921222757,-0.9331905942251671,0.14709185387523588
-1.0,-0.6,0.0,1.7117718810516458,3.445704708180301,-0.9541132204502335,-0.2994460929150424,-0.14050905751920467,0.9900793931574704,-0.9446478383068869,-0.29647540595670063,-0.14050905751920478
-1.0,-0.2,0.8,1.4739721295096568,3.088274962016282,-0.9985789485747599,0.05329243345285525,0.09667298158358158,0.9953161983167663,-0.9939018028145841,0.053042822263345175,0.09667298158358151
-0.8,0.0,0.0,1.6809601326318944,3.585708140666852,-0.9029910578197724,-0.4296593412199117,-0.10994111517420649,0.9939381022952344,-0.8975172183989508,-0.42705479024553955,-0.10994111517420646
0.0,-0.8,0.0,1.4177866863454938,4.93648884967912,0.22222882975853536,-0.974994537022722,0.15241329661247272,0.988316845457831,0.21963249599674106,-0.9636035251689152,0.15241329661247272
-0.2,0.8,0.2,1.3720046753373611,1.557805525792888,0.012990435615190535,0.9999156207313333,0.19748492402325674,0.9803059240785646,0.012734600989932456,0.9802232065816214,0.1974849240232568
-0.6,-0.6,-0.6,1.6558368897142537,4.323023247570235,-0.37960169922229403,-0.9251500148341063,-0.08493809920657677,0.9963862299847253,-0.37822990598389716,-0.9218067354508678,-0.0849380992065768
-1.0,-0.6,0.4,1.5300182630664716,3.227253731177431,-0.9963333328281535,-0.0855563550856623,0.040766763364189586,0.9991686899642163,-0.995505070929588,-0.08548523122905453,0.04076676336418961
0.2,1.0,0.0,1.6418407996347342,1.0858604080972012,0.46615166736863434,0.8847048225309061,-0.07098472392306363,0.9974774027363058,0.4649757544480638,0.8824730685664127,-0.07098472392306365
0.2,-0.8,0.0,1.626896692775807,5.513427510855442,0.7180792550657221,-0.6959613376073828,-0.056070943621856495,0.9984267871413279,0.7169495635481072,-0.6948664422819204,-0.05607094362185655
-1.0,0.8,-0.2,1.7016595861659458,2.6703689239347286,-0.8910134103878282,0.45397698455874563,-0.13049006930734125,0.991449616376024,-0.8833949039149054,0.4500953071843127,-0.13049006930734136
0.6,1.0,-0.4,1.5698561485969837,1.3457090843601536,0.22319140469385312,0.9747746390170318,0.0009401780594034689,0.9999995580325106,0.22319130605050835,0.9747742081983319,0.0009401780594033848
-1.0,-0.4,0.6,1.4758497717413261,3.169370865370877,-0.9996142102832924,-0.027774639506383317,0.09480396454167501,0.9954959609697976,-0.9951119088650316,-0.027649541445996774,0.09480396454167506
1.0,0.6,0.0,1.5272332244541849,0.5025447607403137,0.8763596983923869,0.4816572215109045,0.043549325046215136,0.9990512781073948,0.8755282767607251,0.4812002627601257,0.04354932504621517
0.4,1.0,0.6,1.5302200164525477,1.0691005748170292,0.4809130109442239,0.8767683136978439,0.04056517686940176,0.9991768944614132,0.4805171687813373,0.8760466408427818,0.04056517686940175
0.0,1.0,0.6,1.6762424463795593,1.622722818844796,-0.051903159771392475,0.9986521226161517,-0.10525082099370768,0.994445707256133,-0.051614874427690464,0.9931053163778574,-0.10525082099370764
-1.0,-0.2,-0.4,1.6589627544318337,3.214076699706607,-0.9973741814884154,-0.07242059168712614,-0.08805224772985075,0.9961158575535884,-0.9935002380951413,-0.07213929979295994,-0.08805224772985082
-0.4,-0.8,0.2,1.3758989186778687,4.368256758109695,-0.33737990569746734,-0.9413685777800149,0.19366588641518845,0.9810675432604115,-0.3309924752280436,-0.9235461579051868,0.19366588641518856
-1.0,-0.6,0.0,1.499628556921403,3.635358961228601,-0.8805540829523287,-0.47394567937262944,0.0711077093880879,0.9974686429485285,-0.8783250861652456,-0.4727459536351352,0.07110770938808791
1.0,-0.4,0.0,1.420181756287191,6.157847968382655,0.9921555531507703,-0.1250094330524265,0.15004577375755904,0.9886790509449946,0.9809234106789098,-0.12359420762944488,0.15004577375755884
-1.0,0.0,-0.2,1.4766351715473085,3.2641264209118726,-0.9925021263970172,-0.1222273664013066,0.09402207304740885,0.9955701129402528,-0.9881054540705195,-0.12168591297253849,0.09402207304740878
-1.0,0.4,0.4,1.5069502618659163,2.9943647009747623,-0.989181528011832,0.1466966415436194,0.06380269760357338,0.9979625322518411,-0.9871661025514333,0.14639775186771103,0.06380269760357343
-0.8,0.6,-0.4,1.5778519010706704,2.3999130132246536,-0.7373349563875601,0.6755273214970324,-0.0070555157368447224,0.9999751095390761,-0.7373166037806402,0.6755105073106337,-0.007055515736844764
0.4,1.0,0.2,1.7144484706953897,1.434800639820506,0.13557687167680213,0.9907668302210828,-0.1431585872927881,0.9896997619906419,0.13418039762996686,0.9805616960580283,-0.14315858729278808
-0.6,-0.6,0.0,1.4611488919683269,3.8463062915348565,-0.7617970928313177,-0.6478157063191295,0.10942785971753445,0.9939947401861036,-0.7572223033633948,-0.6439254046911606,0.10942785971753444
-1.0,0.4,-0.2,1.7264485410768398,2.9395831144365334,-0.9796653654360666,0.20063841049265205,-0.15502446164118308,0.9879106317338939,-0.9678218300557607,0.19821281885988024,-0.155024461641183
-1.0,0.2,0.6,1.424710640761872,3.11693415776662,-0.9996959946963222,0.024655997001356744,0.14556663708345194,0.9893484493181433,-0.9890476821423652,0.024393372399685087,0.14556663708345202
-0.4,-1.0,-0.2,1.651635202146693,4.529505681993535,-0.1818655402593548,-0.9833234082773444,-0.0807508581346882,0.9967343171128962,-0.181271625076776,-0.9801121858504447,-0.08075085813468824
0.8,-0.4,-0.2,1.5855436139831374,5.722693325233763,0.8469936744672582,-0.5316029678363847,-0.014746752647956388,0.9998912607310557,0.8469015729942961,-0.5315451617182936,-0.01474675264795633
0.2,1.0,0.6,1.4505486543991473,1.9330539245563856,-0.35438621232835443,0.9350991458190744,0.11995809490809796,0.992778955994747,-0.35182717389427653,0.9283467537378405,0.11995809490809806
1.0,-0.6,0.4,1.5379841442295075,5.92449529416955,0.9363574951782337,-0.35104791869991764,0.03280629506798711,0.9994617286339244,0.935853480750169,-0.3508589596571611,0.03280629506798716
-0.8,0.8,-0.4,1.6541259464260847,2.311252003843875,-0.6746243447850049,0.7381612245461033,-0.08323321538492957,0.9965300958108019,-0.6722834629449004,0.7355998758207472,-0.08323321538492956
1.0,-0.2,0.2,1.3941152083398394,6.273265627365969,0.9999508003796367,-0.009919517131589962,0.17576333274297198,0.9844324511428315,0.9843840174399623,-0.00976509456400442,0.1757633327429724
-0.8,0.6,0.2,1.6489239066446504,2.5726372657548926,-0.8424642219152672,0.5387522944663006,-0.07804812337038834,0.9969495927269145,-0.8398943629254225,0.5371088805488691,-0.07804812337038847
-1.0,-0.4,0.2,1.4503277389094886,3.1944089625358085,-0.9986055429602989,-0.052791756638386644,0.12017741222830375,0.9927524311680673,-0.9913680805517449,-0.052409144748391305,0.12017741222830375
0.8,0.6,-0.2,1.4392702243289468,0.656482251057116,0.7921441303098834,0.6103340698466688,0.13114721612525454,0.9913629041388404,0.7853023055205424,0.6050625559780718,0.1311472161252547
0.0,1.0,-0.8,1.7243954375433712,1.300533297797773,0.2669849271514285,0.9637007049255212,-0.15299585352528133,0.9882268306436891,0.26384166838849243,0.9523548933176369,-0.15299585352528144
-1.0,0.4,0.0,1.5219836690514104,2.9133610101286878,-0.9740680179714085,0.22625537864380527,0.048793275931587506,0.9988088987508391,-0.9729078043384354,0.22598588557967333,0.048793275931587554
0.8,-1.0,-0.4,1.6244935631859136,4.866185141537223,0.15319058104997318,-0.9881966635632664,-0.053671435070056346,0.9985586497835371,0.15296977977281673,-0.9867723260883315,-0.053671435070056506
0.8,-1.0,0.6,1.5692666972353426,5.181888467018764,0.45243998682573006,-0.8917948521499399,0.0015296289630580436,0.9999988301169334,0.4524394575238508,-0.8917938088542434,0.0015296289630579718
0.0,-1.0,0.4,1.378465491094856,4.853747116420236,0.14088783356227688,-0.9900255644952448,0.1911472704171878,0.9815613689485027,0.13829005477957731,-0.9717708483799665,0.19114727041718788
-0.2,-1.0,0.4,1.4130861509673505,4.177110340810386,-0.5100807245182098,-0.8601265339907717,0.15705721401656955,0.9875895055767622,-0.5037503705311756,-0.8494519384374003,0.15705721401656958
0.2,-1.0,0.2,1.4929740174142894,4.678482895585903,-0.03389958863872128,-0.9994252437727024,0.07774378046857348,0.9969733720608862,-0.03379698719662286,-0.9964003554068444,0.07774378046857339
0.0,-1.0,-0.2,1.4631729926343944,4.67156420865785,-0.04081343248929031,-0.9991667847403867,0.10741569151368206,0.9942141968492693,-0.040577294003001654,-0.9933858024091303,0.10741569151368213
1.0,0.8,0.4,1.4452623410933247,0.7895522635889893,0.7041632961171588,0.7100380640510892,0.12520453495256048,0.992130951249538,0.6986222008117268,0.7044507399103874,0.12520453495256056
0.2,0.8,-0.2,1.7409021834576823,0.9229783632479566,0.6034478825150467,0.7974024411099494,-0.169286678833221,0.985566852308669,0.5947382301026863,0.785893413907982,-0.16928667883322096
-0.4,1.0,0.0,1.376780806097417,1.6621933386843906,-0.09126981884945938,0.995826199779453,0.19280062009377028,0.9812379532465393,-0.08955741024102593,0.9771424620608697,0.1928006200937702
0.2,-1.0,-0.4,1.568391198852293,4.974021270115208,0.2586576371499157,-0.9659690609662519,0.002405125623804293,0.9999971076811841,0.25865688902956485,-0.9659662670757613,0.0024051256238042384
-0.8,0.2,0.0,1.4022072011715256,3.521972623201015,-0.9285236300344822,-0.3712733069688528,0.16779164485036235,0.985822480935797,-0.9153594685681055,-0.3660095725812722,0.16779164485036224
-0.4,1.0,0.4,1.4444127407234753,1.8593600879202465,-0.2845756635440696,0.9586535827495001,0.1260474044866603,0.9920242193727814,-0.28230595047979695,0.951007572075993,0.12604740448666008
0.6,-0.4,0.6,1.4819294866207584,5.465780182448,0.6841161405644174,-0.7293730912360603,0.08874991810970607,0.9960539403242781,0.6814165774486258,-0.7264949414921773,0.08874991810970595
-0.2,1.0,0.0,1.5256485303833558,1.5790127674328838,-0.008216348189789344,0.9999662452415202,0.04513246033872837,0.9989810113429449,-0.008207975824181533,0.9989472909801812,0.045132460338728364
-0.8,-0.6,-0.4,1.7189565120372312,3.50747353135831,-0.9338089700927361,-0.3577720047381342,-0.14761872496087527,0.9890443428082107,-0.9235784791337825,-0.3538523773014041,-0.14761872496087547
0.2,1.0,0.4,1.373579361716213,1.508760053483679,0.061996489875881536,0.9980763674404227,0.1959410054300304,0.9806156853686713,0.060794730410089454,0.9787293411078638,0.19594100543003035
1.0,-0.2,0.0,1.6736565589178722,6.190240194690274,0.9956837116685868,-0.0928113480015592,-0.10267894727773536,0.9947145488962831,0.9904210740957953,-0.09232079815982693,-0.10267894727773547
-1.0,-0.6,0.4,1.6061697493614664,3.4994331991472842,-0.9366553610881883,-0.3502523869222815,-0.03536604602447931,0.999374425722709,-0.936069413587605,-0.35003327803846324,-0.03536604602447935
-1.0,-0.2,0.0,1.6525657753858911,3.0920601492202207,-0.998773516297848,0.04951225244353514,-0.0816783573191464,0.9966587409668597,-0.9954363552644566,0.04934681918280705,-0.08167835731914652
0.2,-1.0,0.4,1.6207653147102792,4.899745244939579,0.18626207859825336,-0.9825000957131038,-0.04994819591906252,0.9987518098729188,0.18602958811069742,-0.9812737487937785,-0.04994819591906252
-1.0,0.4,0.6,1.6758573502973528,2.685696796798557,-0.8978669724790189,0.44026685059331994,-0.10486785605304637,0.9944861651962975,-0.8929162823170693,0.4378392919096021,-0.10486785605304638
-0.6,-0.8,0.2,1.3821792835324656,3.954353728526997,-0.6874959961222102,-0.7261881679812263,0.1875006454332871,0.9822644796398273,-0.6753028968854479,-0.713308842942679,0.18750064543328726
0.2,1.0,0.4,1.589235849996213,1.3446463491260054,0.22422720581622965,0.9745368952337548,-0.0184384782635456,0.9998299968091199,0.22418908647575878,0.9743712208519347,-0.018438478263545666
0.6,1.0,-0.4,1.7625010730383535,0.5568974046781852,0.848899086305062,0.5285549557713284,-0.19053268776953058,0.9816808518512107,0.8333479781796675,0.5188722792317766,-0.19053268776953064
-0.2,-1.0,0.0,1.4742300154160062,4.550313667544824,-0.1613666675150954,-0.98689452253778,0.09641630035189444,0.9953410958191434,-0.16061487567315844,-0.9822966755206642,0.0964163003518943
-1.0,0.6,-0.2,1.4708190301989579,2.6203944421638155,-0.8672231893930744,0.4979196117636901,0.09981082663949385,0.9950064315799878,-0.8628926510614189,0.4954332161146822,0.09981082663949387
-1.0,-0.8,-0.8,1.611415729346779,3.809601735237638,-0.7850564440237611,-0.6194242324100401,-0.040608233571822035,0.9991751454906074,-0.7844088866757802,-0.6189132975387096,-0.04060823357182208
0.0,1.0,0.0,1.4395119705860033,1.7512099198843036,-0.17943646905428556,0.9837695632480863,0.13090755402392482,0.9913945795189084,-0.17789234278843105,0.9753038124998367,0.13090755402392468
-1.0,-0.4,-0.2,1.627506488571301,2.9652699224227037,-0.9844953792646648,0.17541051338652366,-0.056679769616015716,0.998392409684827,-0.9829127140276264,0.17512852514402397,-0.05667976961601573
-0.8,1.0,0.4,1.4354814381269398,2.31775723951532,-0.6794119492893923,0.733757046414403,0.1349023279298089,0.9908589011151478,-0.6732013774773877,0.7270497006956718,0.13490232792980894
-0.4,-0.8,-0.4,1.5822482618095444,3.707810834400162,-0.8439357406423686,-0.5364442801134306,-0.011451684702154236,0.9999344273088523,-0.8438804015046991,-0.5364091040183327,-0.011451684702154463
1.0,-0.2,-0.4,1.727641133071329,0.19341593568894755,0.9813533772224693,0.19221224990633137,-0.15620252542883176,0.9877250483052736,0.969307311921607,0.1898528538235965,-0.15620252542883195
1.0,-0.4,0.2,1.4179403702668048,6.020869685958879,0.9657920865456469,-0.25931765378740745,0.15226140640485736,0.9883402572594192,0.9545311992756359,-0.25629407665615533,0.15226140640485752
-0.2,1.0,0.2,1.5344538419619456,1.5960619517101147,-0.02526293694147941,0.9996808410773365,0.03633448531305552,0.9993396845802909,-0.02524625543466982,0.9990207364031856,0.036334485313055664
-0.6,-0.8,-0.8,1.7557129434639314,4.106708468098532,-0.5693216673025363,-0.8221148576323507,-0.18386457238996226,0.9829515852878291,-0.559615635413738,-0.8080991025983969,-0.18386457238996218
-0.8,0.0,0.6,1.5436431970412543,3.3855019315269224,-0.9704013093812954,-0.24149803053248164,0.027149793243692485,0.9996313764217412,-0.9700435965782842,-0.2414090086643243,0.0271497932436926
-0.2,1.0,0.2,1.6902712751670415,1.5287110991110449,0.04207280546053476,0.9991145475072816,-0.11919091502138333,0.9928713540919415,0.041772883328047974,0.991992213676512,-0.11919091502138324
0.2,1.0,0.0,1.6423067202030681,1.4519745202078886,0.11854240387579208,0.9929489908768468,-0.07144946143988022,0.9974442212274083,0.11823943571631437,0.9904112329236977,-0.07144946143988024
-0.4,-1.0,-0.2,1.5939022304341213,4.09246544999942,-0.5809729218665166,-0.8139228858177429,-0.02310384772008336,0.9997330704845805,-0.5808178430460109,-0.8137056257762428,-0.023103847720083504
1.0,0.2,-0.4,1.6597696960038617,0.5343448318596509,0.860602476223412,0.509277309447546,-0.08885602627081729,0.9960444802293519,0.8571983461140417,0.5072628529812838,-0.08885602627081729
-0.2,-1.0,-0.6,1.7266904607081193,4.400154593247245,-0.307185755051833,-0.9516495741044785,-0.15526345207820638,0.9878730993648721,-0.3034605439237927,-0.9401090142798517,-0.15526345207820635
1.0,0.4,-0.2,1.7459272095918497,0.33695711442958065,0.9437650624716829,0.33061685809683145,-0.17423701986561085,0.9847037427106443,0.9293289892554111,0.32555965757118394,-0.17423701986561074
1.0,0.8,0.0,1.520610787775313,0.5075507697407932,0.8739375472577431,0.4860382325425852,0.050164475553478055,0.9987409701181005,0.8728372337708317,0.48542629588406855,0.05016447555347808
1.0,-1.0,0.4,1.4517812002504291,5.592758346159949,0.7709741681435852,-0.6368664161779194,0.11873435851615295,0.9929260557099696,0.765520339829085,-0.6323612586296855,0.11873435851615288
0.0,-1.0,0.0,1.5065938928188736,4.273562187548006,-0.4248777110424789,-0.9052507556800512,0.06415833650121251,0.9979397315757085,-0.4240023489102329,-0.9033856961320578,0.06415833650121261
0.2,-1.0,-0.2,1.7458067214987296,4.628550775161587,-0.08374002544719679,-0.9964876357176253,-0.174118373524918,0.9847247290492085,-0.08246087386906469,-0.9812660170829252,-0.174118373524918
-1.0,0.8,-0.2,1.6412187288001978,2.2429946893574786,-0.6227076093053543,0.7824546206095343,-0.07036420862817754,0.9975213672619401,-0.6211641458386912,0.7805152029708455,-0.07036420862817766
-0.2,-1.0,0.0,1.6005677199961543,4.370836382488457,-0.3349504085178345,-0.9422357580954651,-0.02976699548728942,0.9995568648054295,-0.3348019802033845,-0.9418182202694702,-0.029766995487289616
0.8,0.0,-0.2,1.5181014427436619,0.2862000707012414,0.9593235528809251,0.28230891039412653,0.05267050067652242,0.9986119458320557,0.9579919598249416,0.2819170503344061,0.0526705006765224
1.0,0.8,0.0,1.664446144257684,0.6539285201977922,0.7937001745655099,0.6083091589764855,-0.09351298816162534,0.995618059822683,0.7902222278818379,0.6056435846325366,-0.09351298816162534
0.6,-0.6,0.2,1.4947682904865631,5.654761701991297,0.8089552286849736,-0.5878702560797255,0.07595481380840222,0.9971112607223583,0.8066183679420179,-0.5861720521808309,0.07595481380840219
0.4,0.4,0.2,1.5651245503390563,0.5401889103096895,0.8576115404704262,0.5142980124907567,0.005671746046614246,0.9999839155190361,0.857597746233929,0.514289740274165,0.005671746046614412
-0.8,0.8,-0.2,1.461655962329675,2.4480924675587494,-0.7690132966137676,0.639232782037362,0.10892382039898478,0.9940501000199586,-0.7644377444155938,0.635429410920276,0.1089238203989848
-1.0,-1.0,0.4,1.4150308643804785,3.9441611009204767,-0.6948619219776014,-0.7191431772502563,0.15513633968093477,0.9878930691681168,-0.6864492767505093,-0.7104365605450668,0.15513633968093465
0.8,-0.8,0.0,1.6614902613362337,5.62288940060095,0.7898107716039037,-0.6133505890259227,-0.0905696535052303,0.9958901233890928,0.7865647467866461,-0.6108297937857988,-0.09056965350523033
0.8,0.6,0.2,1.5540231024240532,0.828353899931291,0.6760895540665769,0.7368194588106759,0.016772437882464842,0.9998593327701046,0.6759944504218451,0.736715812458472,0.01677243788246474
1.0,0.2,0.0,1.7055660587586132,0.17361592621082547,0.9849665741371247,0.17274503707075328,-0.13436213453746185,0.9909322967804294,0.9760351895616521,0.17117863634194197,-0.13436213453746182
-1.0,0.2,0.0,1.6784710427932676,2.6945714218817565,-0.9017387671198336,0.4322813850644074,-0.10746677592453521,0.9942086763212167,-0.8965165060457357,0.4297779036431867,-0.10746677592453524
-1.0,-0.4,-0.2,1.631807077895064,3.8458077789669867,-0.7621199424302886,-0.6474358604140287,-0.06097290797143604,0.9981394213703348,-0.7607019583521613,-0.6462312550880634,-0.06097290797143612
-0.6,0.6,0.2,1.7033259553089963,2.293649737698299,-0.66152719538727,0.749921175699855,-0.1321420084188971,0.9912307953302399,-0.6557261280163068,0.7433449634239558,-0.13214200841889706
-0.2,0.8,0.2,1.5402735875947535,1.9298800541344492,-0.35141654884565565,0.936219210013023,0.030518000065615183,0.9995342173592634,-0.35125286511753584,0.9357831353570748,0.030518000065615225
-1.0,0.2,-0.2,1.6752405621889996,3.0318782319444337,-0.9939874077317562,0.10949444401750927,-0.10425444890401186,0.9945506572737866,-0.9885708296814856,0.10889777126544169,-0.10425444890401181
1.0,-0.2,-0.4,1.6451381237554932,0.11233382820221367,0.9936971875788057,0.11209772253695426,-0.07427333837824938,0.9972379210630481,0.990952517507286,0.11178809977865466,-0.07427333837824951
-0.6,-0.8,-0.4,1.6956921422383955,4.267092294725248,-0.4307256529924993,-0.9024829149929571,-0.12457136103485687,0.9922106510262442,-0.42737058056939187,-0.8954531606252245,-0.12457136103485678
-0.8,-1.0,0.4,1.626617857345821,4.170569403794415,-0.5156958063141625,-0.8567717521895699,-0.05579254468322644,0.9984423828933596,-0.5148925497044249,-0.8554372298518733,-0.055792544683226475
1.0,0.0,0.4,1.4993443090912448,0.23554377979962557,0.9723875822423512,0.2333717847145936,0.07139123480904006,0.9974483904405483,0.9699064287920096,0.2327763110378096,0.07139123480904008
0.4,-0.8,0.6,1.377411176619165,5.119489133086107,0.3959481453967206,-0.9182728712952907,0.1921820383478878,0.9813592941101903,0.3885673924707647,-0.9011556167748842,0.19218203834788772
0.2,1.0,0.0,1.4364927536841583,1.487845931743337,0.08285530070237893,0.9965615882350264,0.133900188092626,0.990994823209869,0.08210917407155457,0.9875873749507165,0.13390018809262616
-0.8,1.0,0.0,1.6466220912156826,2.56884048828445,-0.8404126319837579,0.5419470527663497,-0.07575312467917186,0.9971266038479476,-0.8379977935608797,0.5403898241903148,-0.07575312467917178
0.8,1.0,0.8,1.6964170973634685,1.0345559180085202,0.5109077316972342,0.8596355563213907,-0.12529063643360708,0.9921200816544647,0.5068818204893574,0.8528616983306594,-0.12529063643360722
-1.0,-0.4,0.4,1.4217646401386563,3.427870561662371,-0.9593015757913516,-0.2823835807624619,0.14848062233564369,0.9889153173001316,-0.9486680222102207,-0.27925344837005733,0.14848062233564358
0.6,0.4,0.2,1.382873132929772,0.6618323766679681,0.7888674448714932,0.6145633851946614,0.18681905673684546,0.9823943403949126,0.7749789131635505,0.603743591429174,0.1868190567368455
-0.8,-0.6,-0.2,1.375712591257165,3.730029164749461,-0.8318095273803481,-0.5550611769519482,0.19384868283716533,0.9810314409652201,-0.8160312992545417,-0.5445324662490209,0.1938486828371654
-0.8,-0.4,0.2,1.5035588407538953,3.923377527921658,-0.7096571408898386,-0.7045471896076655,0.06718683539592493,0.9977404117051092,-0.7080536079208984,-0.70295520302483,0.06718683539592485
-0.2,-1.0,0.4,1.6514887430972105,4.752172768165024,0.039773293980660554,-0.9992087294884527,-0.08060487650847607,0.9967461331166795,0.03964387697653631,-0.9959574372940454,-0.08060487650847614
-1.0,0.2,-0.4,1.687685265692468,2.614246390783119,-0.8641455834897434,0.5032419006155697,-0.11662294461329802,0.9931762626994887,-0.8582488810386123,0.4998079100871591,-0.11662294461329797
0.4,-1.0,0.2,1.473892351319504,4.723692082153071,0.011302861088998303,-0.9999361206253141,0.09675238580078847,0.9953084827538924,0.011249833521268909,-0.9952449030703947,0.09675238580078843
0.6,0.4,0.0,1.6325188554085188,0.5028594664491584,0.8762080747203802,0.4819329930548484,-0.0616833456616041,0.9980957693868816,0.8745395724810363,0.48101528149600165,-0.061683345661603994
-1.0,-0.2,-0.6,1.6736010738938407,3.417384882470156,-0.9622097683030997,-0.27230931269807,-0.10262375535906058,0.9947202445089793,-0.9571295359953876,-0.2708715861090963,-0.1026237553590606
-1.0,0.8,-0.2,1.7430211376091256,2.6913571524299895,-0.9003446424961095,0.43517757838444865,-0.1713746681980268,0.9852059292858606,-0.8870248801879255,0.42873953051662117,-0.171374668198027
0.6,-0.6,-0.2,1.4416800787233923,5.485444464153714,0.6983255500626101,-0.7157802918003212,0.12875779737470666,0.9916760709098581,0.6925127377020547,-0.7098221874072543,0.12875779737470655
-1.0,0.4,0.4,1.6389018015259333,2.912328523097907,-0.9738338930762598,0.22726097046333288,-0.06805283737070551,0.9976817184482215,-0.9715762719274444,0.2267341155480684,-0.06805283737070561
-1.0,-0.4,0.0,1.5215241692540848,3.946987710885268,-0.692826411537906,-0.7211044053918323,0.049252223250872286,0.9987863728069413,-0.6919855785647944,-0.7202292534764143,0.04925222325087231
-1.0,-0.4,0.0,1.7472999524659556,3.6995051346929406,-0.848362125377953,-0.5294163807667858,-0.1755886003188812,0.9844636323592945,-0.8351816595056311,-0.5211911732401815,-0.17558860031888107
-1.0,0.0,-0.4,1.6847060552600124,3.05046065006947,-0.9958503520768618,0.09100591337045341,-0.11366355035276669,0.9935192989173407,-0.9893965436219906,0.09041613124914512,-0.1136635503527667
-1.0,-0.6,0.2,1.4966147658362396,3.525558791123555,-0.927186213785134,-0.3746007540926578,0.07411354400797412,0.9972498095234604,-0.9246362750900033,-0.3735705306662476,0.0741135440079741
1.0,-0.2,0.2,1.4033524534480897,0.07183362608852727,0.99742107432071,0.07177186427090163,0.16666251961860426,0.9860139981533621,0.9834711413333851,0.07076806284467216,0.16666251961860412
1.0,0.0,0.0,1.5434775182574643,6.0906032548428435,0.9815133186015487,-0.19139384892878547,0.027315410580995136,0.9996268645573666,0.9811470811949617,-0.19132243310024813,0.027315410580995347
-0.4,1.0,0.0,1.4718681778906362,2.0558054903767204,-0.4662164662203822,0.884670676932936,0.09876686319867727,0.995110600251999,-0.46393694754793036,0.8803451683480762,0.09876686319867728
-0.4,0.8,0.0,1.5532384866017817,1.292008099387474,0.2751908653097318,0.9613896128261845,0.01755693809176846,0.9998458650836347,0.2751484487887228,0.9612414291186172,0.01755693809176856
-1.0,-0.4,0.2,1.4156809424938057,3.6010689466405275,-0.8962848733439343,-0.44347877718651635,0.15449409928316601,0.9879937111574564,-0.8855238182693643,-0.438154242892077,0.15449409928316593
0.0,0.8,0.4,1.648782434322352,1.9377003690490495,-0.3587272574764192,0.9334424217612176,-0.07790708181571748,0.996960624399459,-0.35763695060279643,0.9306053396400067,-0.07790708181571743
0.8,-0.6,-0.2,1.7028518877055578,5.3602569457390565,0.6034877533239676,-0.7973722666283234,-0.1316720831800984,0.9912933281884899,0.5982333835135103,-0.7904298079911907,-0.13167208318009832
-1.0,0.4,0.2,1.4338717956241556,3.244258763236743,-0.9947344624454587,-0.10248584889312455,0.1364970810800891,0.9906404730560001,-0.9854242184420752,-0.10152662982903066,0.13649708108008896
1.0,0.6,0.0,1.4734929673315162,0.6339030390504817,0.8057219045316178,0.5922940254282011,0.09714988834497217,0.9952697620216137,0.8019106481787847,0.5894923337347493,0.09714988834497212
-1.0,-0.6,0.4,1.3847586704241404,3.403233963775236,-0.9659667277173954,-0.25866635061976506,0.18496638437708465,0.9827448481932981,-0.9492988251904088,-0.2542030234725354,0.18496638437708468
0.8,-1.0,-0.2,1.7172897759384655,5.594687707971718,0.7722014781728962,-0.6353777436357007,-0.1459700447716414,0.9892890103652041,0.7639304361442123,-0.6285722192094387,-0.14597004477164155
-0.4,-0.8,0.2,1.5324083069262806,4.2622027081078055,-0.4351332548961513,-0.9003660647111713,0.03837859220924755,0.9992632704447993,-0.43481267936681856,-0.8997027384207988,0.0383785922092475
1.0,0.2,-0.4,1.6039440712717137,0.32460302410563635,0.9477774096322582,0.3189325662123056,-0.03314167450272859,0.9994506638204586,0.9472567612109953,0.31875736501485125,-0.033141674502728646
1.0,-0.4,0.4,1.427150375023056,5.510524864786924,0.7160561034280828,-0.6980427327487844,0.14315245894178993,0.9897006484280584,0.7086811898736426,-0.6908533452319661,0.14315245894179007
-1.0,0.0,0.0,1.4640163662047427,3.6985572567242317,-0.8488635663113576,-0.5286119992860201,0.10657715943493536,0.9943044348119847,-0.8440288085337003,-0.5256012551849195,0.10657715943493529
-0.6,0.6,0.0,1.4904220506384338,2.2566935820936047,-0.6333676083444892,0.7738510662265586,0.08028776747452225,0.9967717263215069,-0.6313229243656607,0.7713528631983856,0.08028776747452226
1.0,0.6,0.4,1.5942856900799176,0.36471589189025766,0.9342251356526077,0.35668388793841915,-0.023487203301177487,0.99972413759051,0.9339674180556807,0.35658549226166636,-0.023487203301177484
-1.0,0.4,0.4,1.5201183228440516,2.6233731607472257,-0.8687025022697127,0.49533419279345103,0.05065631435380769,0.9987161447659131,-0.8675872140153094,0.4946982553974109,0.05065631435380785
0.2,-1.0,0.0,1.5793651437342262,4.8945291347302,0.1811347391720025,-0.9834582890316653,-0.008568712079354609,0.9999632879127619,0.18112808933765626,-0.9834221842251636,-0.008568712079354668
0.4,-0.8,0.2,1.568315885081195,5.491491465071498,0.7026410802417206,-0.7115444556433196,0.0024804391701785636,0.9999969237060298,0.7026389187112022,-0.7115422667234012,0.0024804391701785944
0.4,-0.8,-0.2,1.6235928644474842,5.030901242284474,0.3131539993143305,-0.9497023600652156,-0.052772012904861255,0.9986065865264304,0.31271764631238375,-0.9483790320008199,-0.052772012904861276
1.0,0.2,0.2,1.3721981922073199,0.17360287573639352,0.984968828457937,0.172732182774951,0.19729521459262647,0.9803441223870573,0.9656084017132042,0.1693369801305101,0.1972952145926266
0.4,0.6,-0.4,1.4007739318742953,0.6928891188311606,0.7694037671996726,0.6387627439190172,0.1692044211171697,0.9855809778371352,0.7583097172282288,0.6295524097576365,0.16920442111716955
1.0,-0.4,-0.4,1.5903717982023666,0.02205932685749805,0.9997567029155157,0.02205753783850926,-0.01957422121431555,0.9998084065779068,0.9995651561075438,0.022053311759351837,-0.019574221214315346
1.0,-0.4,0.2,1.4806254050667351,0.20408616537370217,0.9792466024092981,0.20267237520157025,0.09004877784660914,0.9959373562671159,0.9752682723370721,0.20184898954662892,0.09004877784660936
-0.8,0.6,0.0,1.6487833110372352,2.5216021327688227,-0.8138839643622775,0.5810274456116018,-0.07790795586590486,0.9969605560967777,-0.8114102097088665,0.579261445284433,-0.0779079558659051
1.0,0.0,0.0,1.632728870152498,0.2726694711014712,0.9630554313991917,0.2693032418158326,-0.061892959127228954,0.9980827929638278,0.9612090547498895,0.2687869317457594,-0.06189295912722914
0.0,1.0,0.6,1.371545424362564,2.2031944226297475,-0.591080789442361,0.8066123606492746,0.19793510963274738,0.9802151255590134,-0.5793863302387646,0.7906536363712808,0.1979351096327473
0.0,-0.8,0.0,1.5724670549301139,5.335282836115461,0.5833879711769593,-0.8121936192103649,-0.001670727357957715,0.9999986043340737,0.5833871569622461,-0.812192485659405,-0.0016707273579575355
-0.8,-0.6,0.0,1.4961864427685372,4.178804799134736,-0.5086225443812193,-0.8609896093142905,0.0745406822941348,0.9972179735058554,-0.5072075429872317,-0.8585943134099951,0.07454068229413491
-1.0,-0.6,0.0,1.603100763575798,3.0390538701559,-0.9947475035171549,0.10235919229061852,-0.03229881838149497,0.9994782570577307,-0.9942285010278551,0.10230578710446454,-0.0322988183814949
0.8,0.6,-0.8,1.6794163009100234,0.4063055950026828,0.9185871850465241,0.3952183997086964,-0.1084065115941532,0.9941066483250108,0.9131736277209066,0.39288923869078657,-0.10840651159415327
-0.8,-0.8,0.2,1.4454194916731429,3.9982692523138725,-0.6549524753868688,-0.7556700701924173,0.12504861945291318,0.9921506149637365,-0.6498115012271037,-0.749738524851097,0.12504861945291335
-0.8,0.6,0.0,1.5969737266210335,2.741286891992935,-0.9209418817754834,0.389699949181202,-0.026174410224046808,0.999657391434397,-0.920626359198365,0.3895664346405976,-0.026174410224046818
1.0,0.2,0.0,1.7305320904022579,6.094222112887269,0.9821995172518749,-0.18784064605453177,-0.15905733967933985,0.9872693465788002,0.9696954756072715,-0.1854493118911973,-0.15905733967933977
0.4,-1.0,0.2,1.4444483360273705,5.280147063356353,0.5377432220361476,-0.8431086686508344,0.12601209300325503,0.9920287054399882,0.5334567124156475,-0.8363880011069192,0.12601209300325494
-0.4,-1.0,-0.2,1.522065052576069,4.698225555588826,-0.01416295126396867,-0.9998997003757399,0.048711989181450706,0.9988128664119151,-0.014146137948816804,-0.998712685856708,0.04871198918145059
-0.2,0.8,0.2,1.4710140965034246,2.097591553600864,-0.5027656489109594,0.864422756685143,0.09961673251425175,0.995025882378536,-0.5002648334372447,0.8601230162187209,0.09961673251425185
1.0,-0.2,0.6,1.419202613494356,5.843266725288989,0.9047863394071326,-0.4258658004844262,0.15101375964405386,0.988531660797047,0.8944099427606134,-0.42098182702953363,0.15101375964405395
0.2,-1.0,0.6,1.5207372359136184,5.026215542190204,0.30870055739546665,-0.9511592747083573,0.05003818621645061,0.998747305338126,0.3083138498550998,-0.9499677625623381,0.050038186216450564
0.6,-0.6,-0.4,1.75209826908323,5.34355327746712,0.590085142481521,-0.8073410212683133,-0.18031032904035635,0.983609772847626,0.5804135129570079,-0.7941085185402961,-0.18031032904035643
0.6,1.0,0.2,1.4454759207457657,1.2465885469304006,0.3185579377475138,0.9479033918591341,0.12499263311474591,0.9921576697617382,0.3160597011996782,0.9404696204262063,0.12499263311474579
-1.0,-0.8,0.0,1.4282273121743347,4.15335549994632,-0.5303670613034464,-0.8477681170487283,0.14208653073723312,0.9898542406753922,-0.5249860847457621,-0.839166865770076,0.1420865307372331
0.4,-1.0,0.0,1.5592910017115555,5.506282720488234,0.7130884713232737,-0.7010740560495993,0.011505071253570205,0.9999338144774634,0.7130412751901843,-0.7010276550968628,0.011505071253570198
-0.2,0.8,-0.2,1.7495432857932824,1.8329552416849588,-0.25916630486996284,0.9658327114050598,-0.17779663671398566,0.9840672517532504,-0.25503707338042936,0.9504443419657674,-0.1777966367139857
-0.2,0.8,0.6,1.4460699944620747,1.331919176879503,0.2366118098822685,0.9716042668824778,0.1244031962989526,0.9922317495175229,0.23477375007599086,0.9640566015674914,0.12440319629895269
-1.0,-0.6,0.4,1.3762594613653285,3.0264992911786024,-0.9933840669572442,0.11483943362576002,0.19331215710681127,0.9811373043130668,-0.9746461656019817,0.11267325233641753,0.19331215710681138
-0.6,-1.0,0.2,1.6223405609326975,4.788862291531867,0.07639879481988975,-0.9970773411075333,-0.05152141331331167,0.9986718900470759,0.07629732882009806,-0.9957531127669733,-0.05152141331331167
0.4,1.0,0.0,1.6103923630473072,1.5176582519118629,0.05311307114823174,0.9985885046770782,-0.039585690315069845,0.9992161793737526,0.05307144002754241,0.9978057904099786,-0.03958569031506981
0.8,-0.8,0.0,1.3997051316969913,5.503352295261221,0.7110309673808781,-0.7031606953075609,0.1702577133965188,0.985399569225088,0.7006496089628149,-0.6928942462520838,0.17025771339651885
-0.4,-0.8,-0.4,1.4526465158185045,4.290393077107457,-0.4095820768748636,-0.9122732717244726,0.11787511979700144,0.9930284266489265,-0.40672664538264547,-0.9059132916944217,0.11787511979700138
1.0,0.2,0.2,1.4400465024609588,0.3004057729760482,0.955216496366266,0.29590783205206855,0.13037760334401383,0.9914644121431041,0.9470631620391758,0.2933820847540447,0.13037760334401405
0.2,-1.0,0.4,1.7591127230225083,4.945502271213814,0.2310077204522483,-0.9729519171528755,-0.1872053220605598,0.9823208067592797,0.2269236903222747,-0.9557509121956005,-0.18720532206055968
-0.2,0.6,-0.2,1.7547709555144502,2.3818721284074047,-0.7250285186265362,0.6887188447967795,-0.18293856240332543,0.9831243473670076,-0.7127931891971817,0.6770962648101932,-0.18293856240332534
1.0,0.2,0.6,1.748502790657117,0.12129322748537168,0.9926529905752229,0.12099603424107047,-0.1767726234656414,0.9842517155652178,0.9770204089346076,0.11909055427836149,-0.17677262346564143
1.0,-0.2,0.0,1.735304242388301,0.1212600240499067,0.9926570075120525,0.12096307468486771,-0.16376691003241564,0.9864990619247617,0.9792552067236813,0.1193299597041569,-0.1637669100324159
0.4,-1.0,0.0,1.4456677703902927,5.030466794553399,0.31274137373868344,-0.9498383194797108,0.12480228571939772,0.9921816312950033,0.3102962463694872,-0.942412133287884,0.12480228571939772
-1.0,-0.4,0.2,1.4455601407257275,3.4057087701834647,-0.9653236211180947,-0.2610561367052099,0.12490907317249175,0.9921681931200925,-0.9577633929408848,-0.2590115954577199,0.12490907317249161
-0.4,-0.2,-0.2,1.5753261442593471,3.9982931909292443,-0.6549343855040497,-0.7556857486312898,-0.004529801973059734,0.9999897403944127,-0.654927666135569,-0.755677995593561,-0.004529801973059799
-1.0,-0.2,-0.6,1.4985499735283707,3.68423455741735,-0.8563473918457059,-0.5164001786202801,0.07218352093155181,0.9973913671703422,-0.8541134959257451,-0.51505308016109,0.07218352093155184
1.0,0.6,-0.2,1.7411992938361969,0.14957778122290247,0.9888340853862485,0.14902064145057725,-0.16957949349759874,0.9855165119799353,0.9745123187567251,0.14686230277538545,-0.1695794934975987
0.8,-0.6,-0.2,1.6932801888638698,5.582181036193891,0.7641948325668078,-0.6449854710597663,-0.1221778351792952,0.9925082249487411,0.7584696567858829,-0.6401533849992563,-0.1221778351792952
-0.8,1.0,0.0,1.439530149561663,2.2503031287875284,-0.628409450243394,0.7778827436347945,0.13088953146436472,0.9913969591203309,-0.6230032180537798,0.7711905865917154,0.13088953146436477
-0.4,-0.4,0.8,1.5611150527927369,4.106470964610484,-0.5695169063898426,-0.8219796185649272,0.00968112276996675,0.9999531368328782,-0.56949021702388,-0.8219410979966919,0.009681122769966688
1.0,0.8,-0.6,1.602185627195651,6.205247259854491,0.9969643674781935,-0.07785916759640839,-0.03138414607024387,0.999507396358547,0.996473259200375,-0.07782081388692991,-0.03138414607024398
-0.4,-1.0,-0.2,1.7556264780097859,4.8985871314302925,0.18512410730904313,-0.9827151494166709,-0.1837795803475322,0.9829674795471541,0.18197097716498703,-0.96597703353491,-0.18377958034753233
-0.6,0.4,0.0,1.3860577691690474,2.7006242457276817,-0.9043387559134232,0.4268154338270373,0.1836895460573978,0.9829843084552403,-0.8889508065908287,0.41955287405849373,0.1836895460573979
0.6,-1.0,0.2,1.3792285909663113,5.395054418176949,0.6308633596280115,-0.7758939498919025,0.1903981854808419,0.9817069475997422,0.619322943132934,-0.7617004812094873,0.19039818548084209
-0.6,0.6,0.2,1.7649712805427606,2.1391148080586544,-0.5382156142312615,0.8428071858958405,-0.19295705940275687,0.9812072019846985,-0.528101036904332,0.8269684806854553,-0.19295705940275681
-1.0,0.4,0.0,1.677228326442185,2.7978695711518005,-0.9415065345454021,0.3369947260838179,-0.10623117388127291,0.9943414593065134,-0.9361789815064938,0.3350878277127824,-0.10623117388127284
-1.0,0.8,0.0,1.7013400108648982,2.840873467947423,-0.9551237081908918,0.2962071944630655,-0.13017321983973823,0.9914912671509292,-0.9469968157200815,0.29368684657740646,-0.13017321983973829
0.8,0.6,-0.2,1.6593871598885033,0.3893753205241542,0.9251463752806911,0.3796105692746168,-0.08847499679259546,0.9960783979901131,0.9215183193959509,0.3781218877031751,-0.08847499679259546
-1.0,-1.0,-0.2,1.6984517818955494,3.4915883222014696,-0.9393741980621265,-0.3428937386642349,-0.12730902707702593,0.9918631012517307,-0.9317306053257584,-0.3401036470313085,-0.1273090270770259
-1.0,-0.4,-0.4,1.556544454867713,3.242906404135238,-0.9948721504513127,-0.10114051738240463,0.014251389468561842,0.999898443792276,-0.994771115008543,-0.10113024593501206,0.014251389468561804
-0.4,-0.8,0.0,1.6420253317236633,4.301119523733995,-0.39977325161629124,-0.9166140667108145,-0.07116878930221632,0.9974642867938965,-0.39875954130272095,-0.9142897963169557,-0.07116878930221632
-0.8,0.6,0.2,1.752488869785465,2.3337883412912164,-0.6910870780643457,0.7227715064475668,-0.18069451394371144,0.9835392684741397,-0.6797112792113372,0.7108741587253918,-0.1806945139437115
0.2,0.4,0.4,1.6161934355356884,0.6012141718442102,0.8246494337246016,0.565644156212803,-0.045381517216322664,0.9989697282175996,0.8237998206826628,0.5650613889997773,-0.045381517216322775
-1.0,-0.4,-0.4,1.5815174943372712,3.3753785396706597,-0.9727963223945854,-0.2316620709904189,-0.010720962155586933,0.9999425288337618,-0.972740414655425,-0.2316487571010259,-0.010720962155586933
0.0,-1.0,0.2,1.548638566489337,4.868525171013409,0.15550256884507502,-0.9878354878635323,0.0221559472309817,0.9997545268726209,0.1554643971431851,-0.9875930007969902,0.022155947230981576
-0.4,1.0,0.2,1.549484949190846,2.279141576916283,-0.6505779799475027,0.759439459079805,0.02130976445885207,0.9997729211869605,-0.6504302474720266,0.7592670064688619,0.02130976445885202
-1.0,1.0,0.0,1.608338072677217,2.5095061078164744,-0.8067964727563314,0.5908294606296661,-0.03753292805596626,0.9992953914191467,-0.8062279970386254,0.5904131571218857,-0.037532928055966364
0.2,1.0,0.0,1.6983294864805436,1.258309360849467,0.307426111765704,0.9515719551377189,-0.1271877258157042,0.9918786631447565,0.3049294007539569,0.9438439187480426,-0.12718772581570426
-1.0,-0.6,0.0,1.6666167862888936,3.8013463457977994,-0.790143222990444,-0.6129222521350269,-0.09567389657034266,0.9954127312401863,-0.7865186236678415,-0.6101106130356133,-0.09567389657034264
1.0,-0.4,0.6,1.4258171713849526,6.272308963898612,0.9999408531614845,-0.010876128846355445,0.1444718038341713,0.9895089175428894,0.989450391218734,-0.010762026481814171,0.1444718038341713
-0.2,1.0,0.0,1.5886251633904303,1.2895227932808095,0.27757936043397924,0.9607027108638047,-0.017827892076180435,0.9998410705027675,0.2775352448857834,0.9605500268649771,-0.017827892076180463
0.0,1.0,-0.2,1.572382638725054,1.2764921680560386,0.29007399738059797,0.9570042194492356,-0.001586311264861969,0.9999987418074939,0.2900736324116683,0.9570030153536986,-0.0015863112648620836
1.0,0.4,0.2,1.5846601534945306,0.12688844400310237,0.9919604569192384,0.12654821969737748,-0.013863382586170833,0.9999038986939042,0.9918651282237332,0.12653605824818046,-0.01386338258617087
1.0,0.4,0.0,1.6165648460841084,0.1759626118322212,0.9845584841431078,0.17505596619888683,-0.04575254197230999,0.9989528041419534,0.9835274585765087,0.17487264831615704,-0.045752541972309935
0.8,-0.6,-0.2,1.7172718929011288,5.546831672571783,0.7409223440600916,-0.6715907087449164,-0.14595235325599235,0.9892916205947759,0.7329882664900883,-0.6643990606306528,-0.14595235325599243
-0.6,1.0,1.0,1.381790404726645,1.7196796445606992,-0.14833389643354106,0.9889373363205798,0.18788261308394766,0.9821914903422588,-0.14569229080633397,0.971325836215814,0.1878826130839476
0.4,-0.8,0.2,1.6035737833972097,4.939309031383543,0.22497760412932688,-0.9743639349032926,-0.032771587777129144,0.9994628672614936,0.22485676129271825,-0.9738405721346362,-0.032771587777129074
-1.0,-0.2,0.0,1.6255559156610886,3.2787387198055424,-0.9906102098600312,-0.13671653931059274,-0.05473222583712779,0.9985010683293802,-0.9891253528432327,-0.13651161055992256,-0.05473222583712767
-0.8,0.4,-0.8,1.7377411208210072,2.9137124296765586,-0.9741474683860338,0.22591305813759693,-0.16617039968647365,0.9860970531687221,-0.9606039479272391,0.2227722009018186,-0.1661703996864739
-0.2,1.0,-0.6,1.6254527409383877,1.8721217397961671,-0.29678616212084874,0.9549439637871833,-0.054629205475156185,0.9985067099970601,-0.2963429743119429,0.9535179555126924,-0.05462920547515626
0.0,0.8,-0.4,1.7309467357339363,1.3731804823327043,0.1963321372121237,0.9805374505329818,-0.1594666926198538,0.9872033093263439,0.19381973558292234,0.9679898160845759,-0.15946669261985374
-1.0,0.0,-0.2,1.7612888294752862,3.067174330899983,-0.9972322343216671,0.07434965251980447,-0.18934251177019637,0.9819111025121129,-0.9791934026634058,0.0730047492771137,-0.18934251177019634
1.0,-0.2,-0.2,1.725653126272554,0.30941169938941593,0.9525128712572641,0.30449832526508663,-0.15423861394145041,0.9880336279547474,0.9411147478619081,0.3008545850178084,-0.15423861394145028
0.2,-1.0,0.2,1.4873174502769566,5.080496739345532,0.3598505975568757,-0.9330099396244177,0.08338195343691376,0.9965176615800868,0.35859747599557473,-0.9297608832655028,0.08338195343691363
-1.0,-0.4,-0.2,1.7448140053511887,3.5512407607183687,-0.9172610338118213,-0.39828657503168335,-0.17314073575052247,0.9848970939259429,-0.9034077265727691,-0.39227129029842206,-0.1731407357505224
1.0,0.0,-0.4,1.7173623786048262,0.13701612215590722,0.9906279669986929,0.13658781424430413,-0.14604186940681735,0.9892784099434103,0.98000686003794,0.13512337569325109,-0.14604186940681746
-0.4,-1.0,0.2,1.5081031896238581,4.317318124156937,-0.3848735878969846,-0.9229692959894723,0.06265207674903273,0.9980354288696536,-0.3841174763573693,-0.9211560571563752,0.06265207674903284
1.0,0.0,0.0,1.3733921353496954,6.218612323557207,0.9979158892152765,-0.0645281183026749,0.1961245991064498,0.980578982859277,0.9785353476258268,-0.06327491661106005,0.19612459910644975
1.0,0.6,0.2,1.4115690895071247,0.39409137839453245,0.923345828339491,0.38396937545598503,0.15855526668768374,0.987350103765426,0.9116655994223696,0.37911220269921264,0.15855526668768377
0.0,1.0,0.0,1.4150935748713709,1.8149051340796252,-0.24169164926411235,0.9703531041203471,0.15507438811661364,0.9879027959016301,-0.23876785605409287,0.9586145445723169,0.15507438811661378
-0.8,-1.0,-0.2,1.589320155346616,4.414813956491337,-0.2932026718677231,-0.9560503089323429,-0.018522769216145585,0.9998284387936589,-0.29315236966363506,-0.9558862877880198,-0.018522769216145762
0.8,1.0,-0.4,1.4488738525052667,0.9003552679365789,0.6213316381133225,0.7835476982796997,0.12162063396762492,0.9925766576911392,0.6167192806762823,0.7777311555000497,0.12162063396762501
1.0,0.2,0.4,1.6988074557010666,0.05953400552708957,0.9982283744497406,0.059498844051196084,-0.12766179874082095,0.9918177580292955,0.9900606283479698,0.059012010112191995,-0.12766179874082084
0.8,-0.8,0.2,1.4105494383752406,5.3710813791297625,0.612083333274545,-0.7907932682613846,0.15956193674007144,0.9871879194681008,0.6042412723163982,-0.7806615612243359,0.15956193674007157
0.2,-1.0,-0.2,1.5594293652325897,4.895890128206536,0.18247305131620473,-0.9832108550780722,0.011366716780510253,0.9999353967880283,0.1824612629709914,-0.9831473364987886,0.011366716780510266
-0.6,-1.0,0.0,1.7375256436042645,4.038466464910919,-0.624055754486712,-0.781379815001655,-0.1659579143819814,0.986132836211219,-0.6154018711259137,-0.7705442931257799,-0.16595791438198143
0.0,1.0,-0.6,1.7251494218235943,1.4745601256616014,0.09608772281089428,0.9953728695946141,-0.15374091746180354,0.9881111932864656,0.0949453544468519,0.9835390739401078,-0.15374091746180357
1.0,0.0,0.0,1.6013802693785901,5.867825529054649,0.9149712023541487,-0.40351914311789894,-0.030579174884495804,0.9995323476823466,0.9145433139507817,-0.40333043645540234,-0.030579174884495686
-0.8,-0.4,0.6,1.6313564702752632,3.3609058807613867,-0.9760470933499268,-0.2175593518172898,-0.060523132567573946,0.9981667948916192,-0.9742577988323775,-0.21716052090216237,-0.06052313256757408
0.6,0.4,0.6,1.4491263463369597,0.8207345893986472,0.6816839312898992,0.7316467848772028,0.12137001060989007,0.9926073345107597,0.6766444700164828,0.7262379649403276,0.12137001060989
0.8,0.8,-0.2,1.5191656968385225,1.0847331375727944,0.46714867264817356,0.8841787814933412,0.05160769419634695,0.9986674350852421,0.46652616671702696,0.8830005558707498,0.05160769419634703
-0.4,-1.0,-0.6,1.5232663271809685,4.516843564067364,-0.19430158552220667,-0.9809418402043806,0.04751210579138508,0.9988706621997006,-0.19408215339701831,-0.9798340255043425,0.04751210579138504
